<openerp>
    <data>
        <record model="ir.module.category" id="module_category_user_roles">
            <field name="name">User Roles</field>
        </record>

        <record id="view_users_form" model="ir.ui.view">
            <field name="name">res.users.form</field>
            <field name="model">res.users</field>
            <field name="inherit_id" ref="base.view_users_form"/>
            <field name="arch" type="xml">
                <data>
                    <xpath expr="//group[@string='Allowed Companies']" position="before">
                        <button string="Clear access rights" type="object" name="action_clear_access_rights"/>
                    </xpath>
                </data>
            </field>
        </record>

    </data>
</openerp>