<?xml version="1.0" encoding="utf-8"?>
<openerp>
    <data noupdate="1">

        <record id="group_move_tree" model="res.groups">
            <field name="name">直接输入凭证行</field>
        </record>

        <record id="periodly_comp_rule" model="ir.rule">
            <field name="name">Periodly multi-company</field>
            <field name="model_id" ref="model_account_periodly"/>
            <field name="global" eval="True"/>
            <field name="domain_force">['|',('company_id','=',False),('company_id','child_of',[user.company_id.id])]</field>
        </record>

    </data>
</openerp>
