<?xml version="1.0" encoding="UTF-8"?>

<!--     
	Copyright (C) 2017 MuK IT GmbH
	
    This program is free software: you can redistribute it and/or modify
    it under the terms of the GNU Affero General Public License as
    published by the Free Software Foundation, either version 3 of the
    License, or (at your option) any later version.

    This program is distributed in the hope that it will be useful,
    but WITHOUT ANY WARRANTY; without even the implied warranty of
    MERCHANTABILITY or FITNESS FOR A PARTICULAR PURPOSE.  See the
    GNU Affero General Public License for more details.

    You should have received a copy of the GNU Affero General Public License
    along with this program.  If not, see <http://www.gnu.org/licenses/>. 
-->

<templates id="template" xml:space="preserve">

<div t-name="HierarchyView" class="table-responsive">
    <table class="o_list_view table table-condensed table-striped">
        <t t-set="columns_count" t-value="visible_columns.length + (options.selectable ? 1 : 0) + (options.deletable ? 1 : 0)"/>
        <thead>
            <tr t-if="options.header">
                <t t-foreach="columns" t-as="column">
                    <th t-if="column.meta">
                        <t t-esc="column.string"/>
                    </th>
                </t>
                <th t-if="options.selectable" class="o_list_record_selector" width="1">
                    <div class="o_checkbox">
                        <input type="checkbox"/><span/>
                    </div>
                </th>
                <t t-foreach="columns" t-as="column">
                    <th t-if="!column.meta and column.invisible !== '1'" t-att-data-id="column.id"
                        t-attf-class="#{((options.sortable and column.sortable and column.tag !== 'button') ? 'o_column_sortable' : '')}"
                            t-att-width="column.width()">
                        <t t-if="column.tag !== 'button'"><t t-raw="column.heading()"/></t>
                    </th>
                </t>
                <th t-if="options.deletable" class="o_list_record_delete"/>
            </tr>
        </thead>
        <tfoot>
            <tr>
                <td t-if="options.selectable"/>
                <td t-foreach="aggregate_columns" t-as="column" t-att-data-field="column.id" t-att-title="column.label">
                </td>
                <td t-if="options.deletable" class="o_list_record_delete"/>
            </tr>
        </tfoot>
    </table>
</div>

</templates>