id,name,city_id/id
东城区,东城区,北京市
西城区,西城区,北京市
崇文区,崇文区,北京市
宣武区,宣武区,北京市
朝阳区,朝阳区,北京市
丰台区,丰台区,北京市
石景山区,石景山区,北京市
海淀区,海淀区,北京市
门头沟区,门头沟区,北京市
房山区,房山区,北京市
通州区,通州区,北京市
顺义区,顺义区,北京市
昌平区,昌平区,北京市
大兴区,大兴区,北京市
怀柔区,怀柔区,北京市
平谷区,平谷区,北京市
密云县,密云县,北京市
延庆县,延庆县,北京市
东城区,东城区,北京市
西城区,西城区,北京市
崇文区,崇文区,北京市
宣武区,宣武区,北京市
朝阳区,朝阳区,北京市
丰台区,丰台区,北京市
石景山区,石景山区,北京市
海淀区,海淀区,北京市
门头沟区,门头沟区,北京市
房山区,房山区,北京市
通州区,通州区,北京市
顺义区,顺义区,北京市
昌平区,昌平区,北京市
大兴区,大兴区,北京市
怀柔区,怀柔区,北京市
平谷区,平谷区,北京市
密云县,密云县,北京市
延庆县,延庆县,北京市
朝阳区,朝阳区,北京市
和平区,和平区,天津市
河东区,河东区,天津市
河西区,河西区,天津市
南开区,南开区,天津市
河北区,河北区,天津市
红桥区,红桥区,天津市
塘沽区,塘沽区,天津市
汉沽区,汉沽区,天津市
大港区,大港区,天津市
东丽区,东丽区,天津市
西青区,西青区,天津市
津南区,津南区,天津市
北辰区,北辰区,天津市
武清区,武清区,天津市
宝坻区,宝坻区,天津市
宁河县,宁河县,天津市
静海县,静海县,天津市
蓟县,蓟县,天津市
黄浦区,黄浦区,上海市
卢湾区,卢湾区,上海市
徐汇区,徐汇区,上海市
长宁区,长宁区,上海市
静安区,静安区,上海市
普陀区,普陀区,上海市
闸北区,闸北区,上海市
虹口区,虹口区,上海市
杨浦区,杨浦区,上海市
闵行区,闵行区,上海市
宝山区,宝山区,上海市
嘉定区,嘉定区,上海市
浦东新区,浦东新区,上海市
金山区,金山区,上海市
松江区,松江区,上海市
青浦区,青浦区,上海市
南汇区,南汇区,上海市
奉贤区,奉贤区,上海市
崇明县,崇明县,上海市
海宁市,海宁市,嘉兴市
海盐县,海盐县,嘉兴市
嘉善县,嘉善县,嘉兴市
南湖区,南湖区,嘉兴市
平湖市,平湖市,嘉兴市
桐乡市,桐乡市,嘉兴市
秀洲区,秀洲区,嘉兴市
阿巴嘎旗,阿巴嘎旗,锡林郭勒盟
阿坝县,阿坝县,阿坝藏族羌族自治州
阿城区,阿城区,哈尔滨市
阿尔山市,阿尔山市,兴安盟
阿合奇县,阿合奇县,克孜勒苏柯尔克孜自治州
阿克塞哈萨克族自治县,阿克塞哈萨克族自治县,酒泉市
阿克苏市,阿克苏市,阿克苏地区
阿克陶县,阿克陶县,克孜勒苏柯尔克孜自治州
阿拉善右旗,阿拉善右旗,阿拉善盟
阿拉善左旗,阿拉善左旗,阿拉善盟
阿勒泰市,阿勒泰市,阿勒泰地区
阿鲁科尔沁旗,阿鲁科尔沁旗,赤峰市
阿荣旗,阿荣旗,呼伦贝尔市
阿图什市,阿图什市,克孜勒苏柯尔克孜自治州
阿瓦提县,阿瓦提县,阿克苏地区
爱辉区,爱辉区,黑河市
爱民区,爱民区,牡丹江市
安次区,安次区,廊坊市
安达市,安达市,绥化市
安定区,安定区,定西市
安多县,安多县,那曲地区
安福县,安福县,吉安市
安国市,安国市,保定市
安化县,安化县,益阳市
安吉县,安吉县,湖州市
安居区,安居区,遂宁市
安龙县,安龙县,黔西南布依族苗族自治州
安陆市,安陆市,孝感市
安宁区,安宁区,兰州市
安宁市,安宁市,昆明市
安平县,安平县,衡水市
安丘市,安丘市,潍坊市
安仁县,安仁县,郴州市
安塞县,安塞县,延安市
安图县,安图县,延边朝鲜族自治州
安溪县,安溪县,泉州市
安县,安县,绵阳市
安乡县,安乡县,常德市
安新县,安新县,保定市
安阳县,安阳县,安阳市
安义县,安义县,南昌市
安源区,安源区,萍乡市
安远县,安远县,赣州市
安岳县,安岳县,资阳市
安泽县,安泽县,临汾市
昂昂溪区,昂昂溪区,齐齐哈尔市
昂仁县,昂仁县,日喀则地区
敖汉旗,敖汉旗,赤峰市
八步区,八步区,贺州市
八道江区,八道江区,白山市
八公山区,八公山区,淮南市
八宿县,八宿县,昌都地区
巴楚县,巴楚县,喀什地区
巴东县,巴东县,恩施土家族苗族自治州
巴里坤哈萨克自治县,巴里坤哈萨克自治县,哈密地区
巴林右旗,巴林右旗,赤峰市
巴林左旗,巴林左旗,赤峰市
巴马瑶族自治县,巴马瑶族自治县,河池市
巴南区,巴南区,重庆市
巴青县,巴青县,那曲地区
巴塘县,巴塘县,甘孜藏族自治州
巴彦县,巴彦县,哈尔滨市
巴州区,巴州区,巴中市
鮁鱼圈区,鮁鱼圈区,营口市
霸州市,霸州市,廊坊市
灞桥区,灞桥区,西安市
白河县,白河县,安康市
白碱滩区,白碱滩区,克拉玛依市
白朗县,白朗县,日喀则地区
白水县,白水县,渭南市
白塔区,白塔区,辽阳市
白下区,白下区,南京市
白银区,白银区,白银市
白玉县,白玉县,甘孜藏族自治州
白云鄂博矿区,白云鄂博矿区,包头市
白云区,白云区,广州市
白云区,白云区,贵阳市
柏乡县,柏乡县,邢台市
拜城县,拜城县,阿克苏地区
拜泉县,拜泉县,齐齐哈尔市
班戈县,班戈县,那曲地区
班玛县,班玛县,果洛藏族自治州
蚌山区,蚌山区,蚌埠市
包河区,包河区,合肥市
宝安区,宝安区,深圳市
宝坻区,宝坻区,天津市
宝丰县,宝丰县,平顶山市
宝清县,宝清县,双鸭山市
宝山区,宝山区,上海市
宝山区,宝山区,双鸭山市
宝塔区,宝塔区,延安市
宝兴县,宝兴县,雅安市
宝应县,宝应县,扬州市
保德县,保德县,忻州市
保靖县,保靖县,湘西土家族苗族自治州
保康县,保康县,襄樊市
碑林区,碑林区,西安市
北安市,北安市,黑河市
北碚区,北碚区,重庆市
北辰区,北辰区,天津市
北川羌族自治县,北川羌族自治县,绵阳市
北戴河区,北戴河区,秦皇岛市
北关区,北关区,安阳市
北湖区,北湖区,郴州市
北林区,北林区,绥化市
北流市,北流市,玉林市
北仑区,北仑区,宁波市
北票市,北票市,朝阳市
北市区,北市区,保定市
北塔区,北塔区,邵阳市
北塘区,北塘区,无锡市
北镇市,北镇市,锦州市
本溪满族自治县,本溪满族自治县,本溪市
比如县,比如县,那曲地区
毕节市,毕节市,毕节地区
璧山县,璧山县,重庆市
边坝县,边坝县,昌都地区
宾川县,宾川县,大理白族自治州
宾县,宾县,哈尔滨市
宾阳县,宾阳县,南宁市
彬县,彬县,咸阳市
滨城区,滨城区,滨州市
滨海县,滨海县,盐城市
滨湖区,滨湖区,无锡市
滨江区,滨江区,杭州市
波密县,波密县,林芝地区
泊头市,泊头市,沧州市
勃利县,勃利县,七台河市
博爱县,博爱县,焦作市
博白县,博白县,玉林市
博湖县,博湖县,巴音郭楞蒙古自治州
博乐市,博乐市,博尔塔拉蒙古自治州
博罗县,博罗县,惠州市
博山区,博山区,淄博市
博兴县,博兴县,滨州市
博野县,博野县,保定市
布尔津县,布尔津县,阿勒泰地区
布拖县,布拖县,凉山彝族自治州
蔡甸区,蔡甸区,武汉市
仓山区,仓山区,福州市
苍南县,苍南县,温州市
苍山县,苍山县,临沂市
苍梧县,苍梧县,梧州市
苍溪县,苍溪县,广元市
沧浪区,沧浪区,苏州市
沧县,沧县,沧州市
沧源佤族自治县,沧源佤族自治县,临沧市
曹县,曹县,菏泽市
册亨县,册亨县,黔西南布依族苗族自治州
策勒县,策勒县,和田地区
岑巩县,岑巩县,黔东南苗族侗族自治州
岑溪市,岑溪市,梧州市
曾都区,曾都区,随州市
茶陵县,茶陵县,株洲市
察布查尔锡伯自治县,察布查尔锡伯自治县,伊犁哈萨克自治州
察哈尔右翼后旗,察哈尔右翼后旗,乌兰察布市
察哈尔右翼前旗,察哈尔右翼前旗,乌兰察布市
察哈尔右翼中旗,察哈尔右翼中旗,乌兰察布市
察雅县,察雅县,昌都地区
察隅县,察隅县,林芝地区
禅城区,禅城区,佛山市
瀍河回族区,瀍河回族区,洛阳市
昌都县,昌都县,昌都地区
昌吉市,昌吉市,昌吉回族自治州
昌江区,昌江区,景德镇市
昌乐县,昌乐县,潍坊市
昌黎县,昌黎县,秦皇岛市
昌宁县,昌宁县,保山市
昌平区,昌平区,北京市
昌图县,昌图县,铁岭市
昌邑区,昌邑区,吉林市
昌邑市,昌邑市,潍坊市
常宁市,常宁市,衡阳市
常山县,常山县,衢州市
常熟市,常熟市,苏州市
朝天区,朝天区,广元市
朝阳区,朝阳区,北京市
朝阳区,朝阳区,长春市
朝阳县,朝阳县,朝阳市
潮安县,潮安县,潮州市
潮南区,潮南区,汕头市
潮阳区,潮阳区,汕头市
辰溪县,辰溪县,怀化市
陈巴尔虎旗,陈巴尔虎旗,呼伦贝尔市
陈仓区,陈仓区,宝鸡市
称多县,称多县,玉树藏族自治州
成安县,成安县,邯郸市
成华区,成华区,成都市
成武县,成武县,菏泽市
成县,成县,陇南市
呈贡县,呈贡县,昆明市
承德县,承德县,承德市
城北区,城北区,西宁市
城步苗族自治县,城步苗族自治县,邵阳市
城东区,城东区,西宁市
城固县,城固县,汉中市
城关区,城关区,兰州市
城关区,城关区,拉萨市
城口县,城口县,重庆市
城西区,城西区,西宁市
城厢区,城厢区,莆田市
城阳区,城阳区,青岛市
城中区,城中区,西宁市
城中区,城中区,柳州市
城子河区,城子河区,鸡西市
澄城县,澄城县,渭南市
澄海区,澄海区,汕头市
澄江县,澄江县,玉溪市
茌平县,茌平县,聊城市
赤壁市,赤壁市,咸宁市
赤城县,赤城县,张家口市
赤坎区,赤坎区,湛江市
赤水市,赤水市,遵义市
崇安区,崇安区,无锡市
崇川区,崇川区,南通市
崇礼县,崇礼县,张家口市
崇明县,崇明县,上海市
崇仁县,崇仁县,抚州市
崇文区,崇文区,北京市
崇信县,崇信县,平凉市
崇阳县,崇阳县,咸宁市
崇义县,崇义县,赣州市
崇州市,崇州市,成都市
楚雄市,楚雄市,楚雄彝族自治州
楚州区,楚州区,淮安市
川汇区,川汇区,周口市
船山区,船山区,遂宁市
船营区,船营区,吉林市
淳安县,淳安县,杭州市
淳化县,淳化县,咸阳市
慈利县,慈利县,张家界市
慈溪市,慈溪市,宁波市
磁县,磁县,邯郸市
枞阳县,枞阳县,安庆市
从化市,从化市,广州市
从江县,从江县,黔东南苗族侗族自治州
丛台区,丛台区,邯郸市
翠峦区,翠峦区,伊春市
翠屏区,翠屏区,宜宾市
措美县,措美县,山南地区
措勤县,措勤县,阿里地区
错那县,错那县,山南地区
达坂城区,达坂城区,乌鲁木齐市
达尔罕茂明安联合旗,达尔罕茂明安联合旗,包头市
达拉特旗,达拉特旗,鄂尔多斯市
达日县,达日县,果洛藏族自治州
达县,达县,达州市
达孜县,达孜县,拉萨市
大安区,大安区,自贡市
大安市,大安市,白城市
大厂回族自治县,大厂回族自治县,廊坊市
大城县,大城县,廊坊市
大东区,大东区,沈阳市
大渡口区,大渡口区,重庆市
大方县,大方县,毕节地区
大丰市,大丰市,盐城市
大港区,大港区,天津市
大关县,大关县,昭通市
大观区,大观区,安庆市
大化瑶族自治县,大化瑶族自治县,河池市
大理市,大理市,大理白族自治州
大荔县,大荔县,渭南市
大名县,大名县,邯郸市
大宁县,大宁县,临汾市
大埔县,大埔县,梅州市
大石桥市,大石桥市,营口市
大田县,大田县,三明市
大通回族土族自治县,大通回族土族自治县,西宁市
大通区,大通区,淮南市
大同区,大同区,大庆市
大同县,大同县,大同市
大洼县,大洼县,盘锦市
大武口区,大武口区,石嘴山市
大悟县,大悟县,孝感市
大祥区,大祥区,邵阳市
大新县,大新县,崇左市
大兴区,大兴区,北京市
大姚县,大姚县,楚雄彝族自治州
大冶市,大冶市,黄石市
大邑县,大邑县,成都市
大英县,大英县,遂宁市
大余县,大余县,赣州市
大竹县,大竹县,达州市
大足县,大足县,重庆市
代县,代县,忻州市
岱山县,岱山县,舟山市
岱岳区,岱岳区,泰安市
带岭区,带岭区,伊春市
丹巴县,丹巴县,甘孜藏族自治州
丹凤县,丹凤县,商洛市
丹江口市,丹江口市,十堰市
丹棱县,丹棱县,眉山市
丹徒区,丹徒区,镇江市
丹阳市,丹阳市,镇江市
丹寨县,丹寨县,黔东南苗族侗族自治州
单县,单县,菏泽市
郸城县,郸城县,周口市
当涂县,当涂县,马鞍山市
当雄县,当雄县,拉萨市
当阳市,当阳市,宜昌市
砀山县,砀山县,宿州市
宕昌县,宕昌县,陇南市
道孚县,道孚县,甘孜藏族自治州
道里区,道里区,哈尔滨市
道外区,道外区,哈尔滨市
道县,道县,永州市
道真仡佬族苗族自治县,道真仡佬族苗族自治县,遵义市
稻城县,稻城县,甘孜藏族自治州
得荣县,得荣县,甘孜藏族自治州
德安县,德安县,九江市
德保县,德保县,百色市
德昌县,德昌县,凉山彝族自治州
德城区,德城区,德州市
德格县,德格县,甘孜藏族自治州
德化县,德化县,泉州市
德惠市,德惠市,长春市
德江县,德江县,铜仁地区
德令哈市,德令哈市,海西蒙古族藏族自治州
德钦县,德钦县,迪庆藏族自治州
德清县,德清县,湖州市
德庆县,德庆县,肇庆市
德兴市,德兴市,上饶市
灯塔市,灯塔市,辽阳市
登封市,登封市,郑州市
邓州市,邓州市,南阳市
磴口县,磴口县,巴彦淖尔市
滴道区,滴道区,鸡西市
点军区,点军区,宜昌市
电白县,电白县,茂名市
垫江县,垫江县,重庆市
迭部县,迭部县,甘南藏族自治州
叠彩区,叠彩区,桂林市
碟山区,碟山区,梧州市
丁青县,丁青县,昌都地区
鼎城区,鼎城区,常德市
鼎湖区,鼎湖区,肇庆市
定边县,定边县,榆林市
定海区,定海区,舟山市
定结县,定结县,日喀则地区
定南县,定南县,赣州市
定日县,定日县,日喀则地区
定陶县,定陶县,菏泽市
定襄县,定襄县,忻州市
定兴县,定兴县,保定市
定远县,定远县,滁州市
定州市,定州市,保定市
东阿县,东阿县,聊城市
东安区,东安区,牡丹江市
东安县,东安县,永州市
东宝区,东宝区,荆门市
东昌府区,东昌府区,聊城市
东昌区,东昌区,通化市
东城区,东城区,北京市
东川区,东川区,昆明市
东丰县,东丰县,辽源市
东风区,东风区,佳木斯市
东港区,东港区,日照市
东港市,东港市,丹东市
东光县,东光县,沧州市
东海县,东海县,连云港市
东河区,东河区,包头市
东湖区,东湖区,南昌市
东兰县,东兰县,河池市
东丽区,东丽区,天津市
东辽县,东辽县,辽源市
东陵区,东陵区,沈阳市
东明县,东明县,菏泽市
东宁县,东宁县,牡丹江市
东平县,东平县,泰安市
东坡区,东坡区,眉山市
东区,东区,攀枝花市
东山区,东山区,鹤岗市
东山县,东山县,漳州市
东胜区,东胜区,鄂尔多斯市
东台市,东台市,盐城市
东乌珠穆沁旗,东乌珠穆沁旗,锡林郭勒盟
东西湖区,东西湖区,武汉市
东乡县,东乡县,抚州市
东乡族自治县,东乡族自治县,临夏回族自治州
东兴区,东兴区,内江市
东兴市,东兴市,防城港市
东阳市,东阳市,金华市
东营区,东营区,东营市
东源县,东源县,河源市
东至县,东至县,池州市
东洲区,东洲区,抚顺市
洞口县,洞口县,邵阳市
洞头县,洞头县,温州市
都安瑶族自治县,都安瑶族自治县,河池市
都昌县,都昌县,九江市
都江堰市,都江堰市,成都市
都兰县,都兰县,海西蒙古族藏族自治州
都匀市,都匀市,黔南布依族苗族自治州
斗门区,斗门区,珠海市
独山县,独山县,黔南布依族苗族自治州
独山子区,独山子区,克拉玛依市
杜尔伯特蒙古族自治县,杜尔伯特蒙古族自治县,大庆市
杜集区,杜集区,淮北市
端州区,端州区,肇庆市
堆龙德庆县,堆龙德庆县,拉萨市
敦化市,敦化市,延边朝鲜族自治州
敦煌市,敦煌市,酒泉市
多伦县,多伦县,锡林郭勒盟
掇刀区,掇刀区,荆门市
峨边彝族自治县,峨边彝族自治县,乐山市
峨眉山市,峨眉山市,乐山市
峨山彝族自治县,峨山彝族自治县,玉溪市
额尔古纳市,额尔古纳市,呼伦贝尔市
额济纳旗,额济纳旗,阿拉善盟
额敏县,额敏县,塔城地区
鄂城区,鄂城区,鄂州市
鄂伦春自治旗,鄂伦春自治旗,呼伦贝尔市
鄂托克旗,鄂托克旗,鄂尔多斯市
鄂托克前旗,鄂托克前旗,鄂尔多斯市
鄂温克族自治旗,鄂温克族自治旗,呼伦贝尔市
恩平市,恩平市,江门市
恩施市,恩施市,恩施土家族苗族自治州
洱源县,洱源县,大理白族自治州
二道江区,二道江区,通化市
二道区,二道区,长春市
二连浩特市,二连浩特市,锡林郭勒盟
二七区,二七区,郑州市
法库县,法库县,沈阳市
番禺区,番禺区,广州市
樊城区,樊城区,襄樊市
繁昌县,繁昌县,芜湖市
繁峙县,繁峙县,忻州市
范县,范县,濮阳市
方城县,方城县,南阳市
方山县,方山县,吕梁市
方正县,方正县,哈尔滨市
坊子区,坊子区,潍坊市
防城区,防城区,防城港市
房山区,房山区,北京市
房县,房县,十堰市
肥城市,肥城市,泰安市
肥东县,肥东县,合肥市
肥西县,肥西县,合肥市
肥乡县,肥乡县,邯郸市
费县,费县,临沂市
分宜县,分宜县,新余市
汾西县,汾西县,临汾市
汾阳市,汾阳市,吕梁市
丰城市,丰城市,宜春市
丰都县,丰都县,重庆市
丰满区,丰满区,吉林市
丰南区,丰南区,唐山市
丰宁满族自治县,丰宁满族自治县,承德市
丰润区,丰润区,唐山市
丰顺县,丰顺县,梅州市
丰台区,丰台区,北京市
丰县,丰县,徐州市
丰泽区,丰泽区,泉州市
丰镇市,丰镇市,乌兰察布市
封开县,封开县,肇庆市
封丘县,封丘县,新乡市
峰峰矿区,峰峰矿区,邯郸市
凤城市,凤城市,丹东市
凤冈县,凤冈县,遵义市
凤凰县,凤凰县,湘西土家族苗族自治州
凤庆县,凤庆县,临沧市
凤泉区,凤泉区,新乡市
凤山县,凤山县,河池市
凤台县,凤台县,淮南市
凤县,凤县,宝鸡市
凤翔县,凤翔县,宝鸡市
凤阳县,凤阳县,滁州市
奉化市,奉化市,宁波市
奉节县,奉节县,重庆市
奉贤区,奉贤区,上海市
奉新县,奉新县,宜春市
佛冈县,佛冈县,清远市
佛坪县,佛坪县,汉中市
扶风县,扶风县,宝鸡市
扶沟县,扶沟县,周口市
扶绥县,扶绥县,崇左市
扶余县,扶余县,松原市
芙蓉区,芙蓉区,长沙市
浮梁县,浮梁县,景德镇市
浮山县,浮山县,临汾市
涪城区,涪城区,绵阳市
涪陵区,涪陵区,重庆市
福安市,福安市,宁德市
福鼎市,福鼎市,宁德市
福贡县,福贡县,怒江傈傈族自治州
福海县,福海县,阿勒泰地区
福清市,福清市,福州市
福泉市,福泉市,黔南布依族苗族自治州
福山区,福山区,烟台市
福田区,福田区,深圳市
抚宁县,抚宁县,秦皇岛市
抚顺县,抚顺县,抚顺市
抚松县,抚松县,白山市
抚远县,抚远县,佳木斯市
府谷县,府谷县,榆林市
阜城县,阜城县,衡水市
阜康市,阜康市,昌吉回族自治州
阜南县,阜南县,阜阳市
阜宁县,阜宁县,盐城市
阜平县,阜平县,保定市
阜新蒙古族自治县,阜新蒙古族自治县,阜新市
复兴区,复兴区,邯郸市
富川瑶族自治县,富川瑶族自治县,贺州市
富锦市,富锦市,佳木斯市
富拉尔基区,富拉尔基区,齐齐哈尔市
富民县,富民县,昆明市
富宁县,富宁县,文山壮族苗族自治州
富平县,富平县,渭南市
富顺县,富顺县,自贡市
富县,富县,延安市
富阳市,富阳市,杭州市
富裕县,富裕县,齐齐哈尔市
富源县,富源县,曲靖市
富蕴县,富蕴县,阿勒泰地区
伽师县,伽师县,喀什地区
噶尔县,噶尔县,阿里地区
改则县,改则县,阿里地区
盖州市,盖州市,营口市
甘德县,甘德县,果洛藏族自治州
甘谷县,甘谷县,天水市
甘井子区,甘井子区,大连市
甘洛县,甘洛县,凉山彝族自治州
甘南县,甘南县,齐齐哈尔市
甘泉县,甘泉县,延安市
甘州区,甘州区,张掖市
甘孜县,甘孜县,甘孜藏族自治州
赣县,赣县,赣州市
赣榆县,赣榆县,连云港市
刚察县,刚察县,海北藏族自治州
钢城区,钢城区,莱芜市
岗巴县,岗巴县,日喀则地区
港北区,港北区,贵港市
港口区,港口区,防城港市
港南区,港南区,贵港市
港闸区,港闸区,南通市
皋兰县,皋兰县,兰州市
高安市,高安市,宜春市
高碑店市,高碑店市,保定市
高淳县,高淳县,南京市
高港区,高港区,泰州市
高陵县,高陵县,西安市
高密市,高密市,潍坊市
高明区,高明区,佛山市
高平市,高平市,晋城市
高坪区,高坪区,南充市
高青县,高青县,淄博市
高台县,高台县,张掖市
高唐县,高唐县,聊城市
高县,高县,宜宾市
高阳县,高阳县,保定市
高要市,高要市,肇庆市
高邑县,高邑县,石家庄市
高邮市,高邮市,扬州市
高州市,高州市,茂名市
藁城市,藁城市,石家庄市
革吉县,革吉县,阿里地区
格尔木市,格尔木市,海西蒙古族藏族自治州
个旧市,个旧市,红河哈尼族彝族自治州
根河市,根河市,呼伦贝尔市
耿马傣族佤族自治县,耿马傣族佤族自治县,临沧市
工布江达县,工布江达县,林芝地区
工农区,工农区,鹤岗市
弓长岭区,弓长岭区,辽阳市
公安县,公安县,荆州市
公主岭市,公主岭市,四平市
恭城瑶族自治县,恭城瑶族自治县,桂林市
巩留县,巩留县,伊犁哈萨克自治州
巩义市,巩义市,郑州市
拱墅区,拱墅区,杭州市
珙县,珙县,宜宾市
共和县,共和县,海南藏族自治州
贡嘎县,贡嘎县,山南地区
贡觉县,贡觉县,昌都地区
贡井区,贡井区,自贡市
贡山独龙族怒族自治县,贡山独龙族怒族自治县,怒江傈傈族自治州
沽源县,沽源县,张家口市
古城区,古城区,丽江市
古交市,古交市,太原市
古浪县,古浪县,武威市
古蔺县,古蔺县,泸州市
古塔区,古塔区,锦州市
古田县,古田县,宁德市
古县,古县,临汾市
古冶区,古冶区,唐山市
古丈县,古丈县,湘西土家族苗族自治州
谷城县,谷城县,襄樊市
鼓楼区,鼓楼区,福州市
鼓楼区,鼓楼区,开封市
鼓楼区,鼓楼区,南京市
鼓楼区,鼓楼区,徐州市
固安县,固安县,廊坊市
固始县,固始县,信阳市
固阳县,固阳县,包头市
固镇县,固镇县,蚌埠市
故城县,故城县,衡水市
瓜州县,瓜州县,酒泉市
关岭布依族苗族自治县,关岭布依族苗族自治县,安顺市
官渡区,官渡区,昆明市
馆陶县,馆陶县,邯郸市
管城回族区,管城回族区,郑州市
冠县,冠县,聊城市
灌南县,灌南县,连云港市
灌阳县,灌阳县,桂林市
灌云县,灌云县,连云港市
光山县,光山县,信阳市
光泽县,光泽县,南平市
广安区,广安区,广安市
广昌县,广昌县,抚州市
广德县,广德县,宣城市
广丰县,广丰县,上饶市
广汉市,广汉市,德阳市
广河县,广河县,临夏回族自治州
广灵县,广灵县,大同市
广陵区,广陵区,扬州市
广南县,广南县,文山壮族苗族自治州
广宁县,广宁县,肇庆市
广平县,广平县,邯郸市
广饶县,广饶县,东营市
广水市,广水市,随州市
广阳区,广阳区,廊坊市
广宗县,广宗县,邢台市
贵池区,贵池区,池州市
贵德县,贵德县,海南藏族自治州
贵定县,贵定县,黔南布依族苗族自治州
贵南县,贵南县,海南藏族自治州
贵溪市,贵溪市,鹰潭市
桂东县,桂东县,郴州市
桂平市,桂平市,贵港市
桂阳县,桂阳县,郴州市
哈巴河县,哈巴河县,阿勒泰地区
哈密市,哈密市,哈密地区
海安县,海安县,南通市
海勃湾区,海勃湾区,乌海市
海沧区,海沧区,厦门市
海城区,海城区,北海市
海城市,海城市,鞍山市
海淀区,海淀区,北京市
海丰县,海丰县,汕尾市
海港区,海港区,秦皇岛市
海拉尔区,海拉尔区,呼伦贝尔市
海林市,海林市,牡丹江市
海陵区,海陵区,泰州市
海伦市,海伦市,绥化市
海门市,海门市,南通市
海南区,海南区,乌海市
海曙区,海曙区,宁波市
海兴县,海兴县,沧州市
海晏县,海晏县,海北藏族自治州
海阳市,海阳市,烟台市
海原县,海原县,中卫市
海州区,海州区,阜新市
海州区,海州区,连云港市
海珠区,海珠区,广州市
邗江区,邗江区,扬州市
邯郸县,邯郸县,邯郸市
邯山区,邯山区,邯郸市
含山县,含山县,巢湖市
涵江区,涵江区,莆田市
韩城市,韩城市,渭南市
寒亭区,寒亭区,潍坊市
汉滨区,汉滨区,安康市
汉川市,汉川市,孝感市
汉沽区,汉沽区,天津市
汉南区,汉南区,武汉市
汉寿县,汉寿县,常德市
汉台区,汉台区,汉中市
汉阳区,汉阳区,武汉市
汉阴县,汉阴县,安康市
汉源县,汉源县,雅安市
行唐县,行唐县,石家庄市
杭锦后旗,杭锦后旗,巴彦淖尔市
杭锦旗,杭锦旗,鄂尔多斯市
濠江区,濠江区,汕头市
合川区,合川区,重庆市
合江县,合江县,泸州市
合浦县,合浦县,北海市
合山市,合山市,来宾市
合水县,合水县,庆阳市
合阳县,合阳县,渭南市
合作市,合作市,甘南藏族自治州
和布克赛尔蒙古自治县,和布克赛尔蒙古自治县,塔城地区
和静县,和静县,巴音郭楞蒙古自治州
和林格尔县,和林格尔县,呼和浩特市
和龙市,和龙市,延边朝鲜族自治州
和平区,和平区,天津市
和平区,和平区,沈阳市
和平县,和平县,河源市
和顺县,和顺县,晋中市
和硕县,和硕县,巴音郭楞蒙古自治州
和田市,和田市,和田地区
和田县,和田县,和田地区
和县,和县,巢湖市
和政县,和政县,临夏回族自治州
河北区,河北区,天津市
河东区,河东区,临沂市
河东区,河东区,天津市
河间市,河间市,沧州市
河津市,河津市,运城市
河口区,河口区,东营市
河口瑶族自治县,河口瑶族自治县,红河哈尼族彝族自治州
河南蒙古族自治县,河南蒙古族自治县,黄南藏族自治州
河曲县,河曲县,忻州市
河西区,河西区,天津市
荷塘区,荷塘区,株洲市
贺兰县,贺兰县,银川市
赫山区,赫山区,益阳市
赫章县,赫章县,毕节地区
鹤城区,鹤城区,怀化市
鹤峰县,鹤峰县,恩施土家族苗族自治州
鹤庆县,鹤庆县,大理白族自治州
鹤山区,鹤山区,鹤壁市
鹤山市,鹤山市,江门市
黑山县,黑山县,锦州市
黑水县,黑水县,阿坝藏族羌族自治州
恒山区,恒山区,鸡西市
横峰县,横峰县,上饶市
横山县,横山县,榆林市
横县,横县,南宁市
衡东县,衡东县,衡阳市
衡南县,衡南县,衡阳市
衡山县,衡山县,衡阳市
衡阳县,衡阳县,衡阳市
红安县,红安县,黄冈市
红岗区,红岗区,大庆市
红古区,红古区,兰州市
红河县,红河县,红河哈尼族彝族自治州
红花岗区,红花岗区,遵义市
红旗区,红旗区,新乡市
红桥区,红桥区,天津市
红山区,红山区,赤峰市
红塔区,红塔区,玉溪市
红星区,红星区,伊春市
红原县,红原县,阿坝藏族羌族自治州
宏伟区,宏伟区,辽阳市
虹口区,虹口区,上海市
洪洞县,洪洞县,临汾市
洪湖市,洪湖市,荆州市
洪江市,洪江市,怀化市
洪山区,洪山区,武汉市
洪雅县,洪雅县,眉山市
洪泽县,洪泽县,淮安市
侯马市,侯马市,临汾市
呼兰区,呼兰区,哈尔滨市
呼玛县,呼玛县,大兴安岭地区
呼图壁县,呼图壁县,昌吉回族自治州
壶关县,壶关县,长治市
湖滨区,湖滨区,三门峡市
湖口县,湖口县,九江市
湖里区,湖里区,厦门市
虎林市,虎林市,鸡西市
虎丘区,虎丘区,苏州市
互助土族自治县,互助土族自治县,海东地区
户县,户县,西安市
花都区,花都区,广州市
花山区,花山区,马鞍山市
花溪区,花溪区,贵阳市
花垣县,花垣县,湘西土家族苗族自治州
华安县,华安县,漳州市
华池县,华池县,庆阳市
华龙区,华龙区,濮阳市
华宁县,华宁县,玉溪市
华坪县,华坪县,丽江市
华容区,华容区,鄂州市
华容县,华容县,岳阳市
华亭县,华亭县,平凉市
华县,华县,渭南市
华阴市,华阴市,渭南市
华蓥市,华蓥市,广安市
滑县,滑县,安阳市
化德县,化德县,乌兰察布市
化隆回族自治县,化隆回族自治县,海东地区
化州市,化州市,茂名市
桦川县,桦川县,佳木斯市
桦甸市,桦甸市,吉林市
桦南县,桦南县,佳木斯市
怀安县,怀安县,张家口市
怀集县,怀集县,肇庆市
怀来县,怀来县,张家口市
怀宁县,怀宁县,安庆市
怀仁县,怀仁县,朔州市
怀柔区,怀柔区,北京市
怀远县,怀远县,蚌埠市
淮滨县,淮滨县,信阳市
淮上区,淮上区,蚌埠市
淮阳县,淮阳县,周口市
淮阴区,淮阴区,淮安市
槐荫区,槐荫区,济南市
环翠区,环翠区,威海市
环江毛南族自治县,环江毛南族自治县,河池市
环县,环县,庆阳市
桓仁满族自治县,桓仁满族自治县,本溪市
桓台县,桓台县,淄博市
皇姑区,皇姑区,沈阳市
黄陂区,黄陂区,武汉市
黄岛区,黄岛区,青岛市
黄骅市,黄骅市,沧州市
黄陵县,黄陵县,延安市
黄龙县,黄龙县,延安市
黄梅县,黄梅县,黄冈市
黄平县,黄平县,黔东南苗族侗族自治州
黄埔区,黄埔区,广州市
黄浦区,黄浦区,上海市
黄山区,黄山区,黄山市
黄石港区,黄石港区,黄石市
黄岩区,黄岩区,台州市
黄州区,黄州区,黄冈市
湟源县,湟源县,西宁市
湟中县,湟中县,西宁市
潢川县,潢川县,信阳市
珲春市,珲春市,延边朝鲜族自治州
辉南县,辉南县,通化市
辉县市,辉县市,新乡市
徽县,徽县,陇南市
徽州区,徽州区,黄山市
回民区,回民区,呼和浩特市
汇川区,汇川区,遵义市
会昌县,会昌县,赣州市
会东县,会东县,凉山彝族自治州
会理县,会理县,凉山彝族自治州
会宁县,会宁县,白银市
会同县,会同县,怀化市
会泽县,会泽县,曲靖市
惠安县,惠安县,泉州市
惠城区,惠城区,惠州市
惠东县,惠东县,惠州市
惠济区,惠济区,郑州市
惠来县,惠来县,揭阳市
惠民县,惠民县,滨州市
惠农区,惠农区,石嘴山市
惠山区,惠山区,无锡市
惠水县,惠水县,黔南布依族苗族自治州
惠阳区,惠阳区,惠州市
浑源县,浑源县,大同市
获嘉县,获嘉县,新乡市
霍城县,霍城县,伊犁哈萨克自治州
霍林郭勒市,霍林郭勒市,通辽市
霍邱县,霍邱县,六安市
霍山县,霍山县,六安市
霍州市,霍州市,临汾市
鸡东县,鸡东县,鸡西市
鸡冠区,鸡冠区,鸡西市
鸡泽县,鸡泽县,邯郸市
积石山保安族东乡族撒拉族自治县,积石山保安族东乡族撒拉族自治县,临夏回族自治州
吉安县,吉安县,吉安市
吉利区,吉利区,洛阳市
吉隆县,吉隆县,日喀则地区
吉木乃县,吉木乃县,阿勒泰地区
吉木萨尔县,吉木萨尔县,昌吉回族自治州
吉首市,吉首市,湘西土家族苗族自治州
吉水县,吉水县,吉安市
吉县,吉县,临汾市
吉州区,吉州区,吉安市
即墨市,即墨市,青岛市
集安市,集安市,通化市
集美区,集美区,厦门市
集宁区,集宁区,乌兰察布市
集贤县,集贤县,双鸭山市
济阳县,济阳县,济南市
绩溪县,绩溪县,宣城市
蓟县,蓟县,天津市
稷山县,稷山县,运城市
冀州市,冀州市,衡水市
加查县,加查县,山南地区
佳县,佳县,榆林市
嘉定区,嘉定区,上海市
嘉禾县,嘉禾县,郴州市
嘉黎县,嘉黎县,那曲地区
嘉陵区,嘉陵区,南充市
嘉祥县,嘉祥县,济宁市
嘉荫县,嘉荫县,伊春市
嘉鱼县,嘉鱼县,咸宁市
夹江县,夹江县,乐山市
郏县,郏县,平顶山市
贾汪区,贾汪区,徐州市
尖草坪区,尖草坪区,太原市
尖山区,尖山区,双鸭山市
尖扎县,尖扎县,黄南藏族自治州
监利县,监利县,荆州市
犍为县,犍为县,乐山市
简阳市,简阳市,资阳市
建昌县,建昌县,葫芦岛市
建德市,建德市,杭州市
建湖县,建湖县,盐城市
建华区,建华区,齐齐哈尔市
建宁县,建宁县,三明市
建瓯市,建瓯市,南平市
建平县,建平县,朝阳市
建始县,建始县,恩施土家族苗族自治州
建水县,建水县,红河哈尼族彝族自治州
建阳市,建阳市,南平市
建邺区,建邺区,南京市
剑川县,剑川县,大理白族自治州
剑阁县,剑阁县,广元市
剑河县,剑河县,黔东南苗族侗族自治州
涧西区,涧西区,洛阳市
江安县,江安县,宜宾市
江岸区,江岸区,武汉市
江北区,江北区,重庆市
江北区,江北区,宁波市
江城哈尼族彝族自治县,江城哈尼族彝族自治县,普洱市
江城区,江城区,阳江市
江川县,江川县,玉溪市
江达县,江达县,昌都地区
江东区,江东区,宁波市
江都市,江都市,扬州市
江干区,江干区,杭州市
江海区,江海区,江门市
江汉区,江汉区,武汉市
江华瑶族自治县,江华瑶族自治县,永州市
江津区,江津区,重庆市
江口县,江口县,铜仁地区
江陵县,江陵县,荆州市
江南区,江南区,南宁市
江宁区,江宁区,南京市
江山市,江山市,衢州市
江夏区,江夏区,武汉市
江阳区,江阳区,泸州市
江阴市,江阴市,无锡市
江永县,江永县,永州市
江油市,江油市,绵阳市
江源区,江源区,白山市
江洲区,江洲区,崇左市
江孜县,江孜县,日喀则地区
将乐县,将乐县,三明市
姜堰市,姜堰市,泰州市
绛县,绛县,运城市
交城县,交城县,吕梁市
交口县,交口县,吕梁市
胶南市,胶南市,青岛市
胶州市,胶州市,青岛市
椒江区,椒江区,台州市
蛟河市,蛟河市,吉林市
蕉城区,蕉城区,宁德市
蕉岭县,蕉岭县,梅州市
揭东县,揭东县,揭阳市
揭西县,揭西县,揭阳市
解放区,解放区,焦作市
介休市,介休市,晋中市
界首市,界首市,阜阳市
金安区,金安区,六安市
金阊区,金阊区,苏州市
金城江区,金城江区,河池市
金川区,金川区,金昌市
金川县,金川县,阿坝藏族羌族自治州
金东区,金东区,金华市
金凤区,金凤区,银川市
金湖县,金湖县,淮安市
金家庄区,金家庄区,马鞍山市
金口河区,金口河区,乐山市
金明区,金明区,开封市
金牛区,金牛区,成都市
金平苗族瑶族傣族自治县,金平苗族瑶族傣族自治县,红河哈尼族彝族自治州
金平区,金平区,汕头市
金沙县,金沙县,毕节地区
金山区,金山区,上海市
金山屯区,金山屯区,伊春市
金水区,金水区,郑州市
金塔县,金塔县,酒泉市
金台区,金台区,宝鸡市
金坛市,金坛市,常州市
金堂县,金堂县,成都市
金湾区,金湾区,珠海市
金溪县,金溪县,抚州市
金乡县,金乡县,济宁市
金秀瑶族自治县,金秀瑶族自治县,来宾市
金阳县,金阳县,凉山彝族自治州
金寨县,金寨县,六安市
金州区,金州区,大连市
津南区,津南区,天津市
津市市,津市市,常德市
锦江区,锦江区,成都市
锦屏县,锦屏县,黔东南苗族侗族自治州
进贤县,进贤县,南昌市
晋安区,晋安区,福州市
晋江市,晋江市,泉州市
晋宁县,晋宁县,昆明市
晋源区,晋源区,太原市
晋州市,晋州市,石家庄市
缙云县,缙云县,丽水市
京口区,京口区,镇江市
京山县,京山县,荆门市
泾川县,泾川县,平凉市
泾县,泾县,宣城市
泾阳县,泾阳县,咸阳市
泾源县,泾源县,固原市
荆州区,荆州区,荆州市
旌德县,旌德县,宣城市
旌阳区,旌阳区,德阳市
精河县,精河县,博尔塔拉蒙古自治州
井冈山市,井冈山市,吉安市
井陉矿区,井陉矿区,石家庄市
井陉县,井陉县,石家庄市
井研县,井研县,乐山市
景东彝族自治县,景东彝族自治县,普洱市
景谷傣族彝族自治县,景谷傣族彝族自治县,普洱市
景洪市,景洪市,西双版纳傣族自治州
景宁畲族自治县,景宁畲族自治县,丽水市
景泰县,景泰县,白银市
景县,景县,衡水市
靖安县,靖安县,宜春市
靖边县,靖边县,榆林市
靖江市,靖江市,泰州市
靖西县,靖西县,百色市
靖宇县,靖宇县,白山市
靖远县,靖远县,白银市
靖州苗族侗族自治县,靖州苗族侗族自治县,怀化市
静安区,静安区,上海市
静海县,静海县,天津市
静乐县,静乐县,忻州市
静宁县,静宁县,平凉市
镜湖区,镜湖区,芜湖市
鸠江区,鸠江区,芜湖市
九江县,九江县,九江市
九里区,九里区,徐州市
九龙坡区,九龙坡区,重庆市
九龙县,九龙县,甘孜藏族自治州
九台市,九台市,长春市
九原区,九原区,包头市
九寨沟县,九寨沟县,阿坝藏族羌族自治州
久治县,久治县,果洛藏族自治州
居巢区,居巢区,巢湖市
莒南县,莒南县,临沂市
莒县,莒县,日照市
巨鹿县,巨鹿县,邢台市
巨野县,巨野县,菏泽市
句容市,句容市,镇江市
鄄城县,鄄城县,菏泽市
君山区,君山区,岳阳市
筠连县,筠连县,宜宾市
浚县,浚县,鹤壁市
喀喇沁旗,喀喇沁旗,赤峰市
喀喇沁左翼蒙古族自治县,喀喇沁左翼蒙古族自治县,朝阳市
喀什市,喀什市,喀什地区
开封县,开封县,开封市
开福区,开福区,长沙市
开化县,开化县,衢州市
开江县,开江县,达州市
开鲁县,开鲁县,通辽市
开平区,开平区,唐山市
开平市,开平市,江门市
开县,开县,重庆市
开阳县,开阳县,贵阳市
开原市,开原市,铁岭市
开远市,开远市,红河哈尼族彝族自治州
凯里市,凯里市,黔东南苗族侗族自治州
康保县,康保县,张家口市
康定县,康定县,甘孜藏族自治州
康乐县,康乐县,临夏回族自治州
康马县,康马县,日喀则地区
康平县,康平县,沈阳市
康县,康县,陇南市
柯城区,柯城区,衢州市
柯坪县,柯坪县,阿克苏地区
科尔沁区,科尔沁区,通辽市
科尔沁右翼前旗,科尔沁右翼前旗,兴安盟
科尔沁右翼中旗,科尔沁右翼中旗,兴安盟
科尔沁左翼后旗,科尔沁左翼后旗,通辽市
科尔沁左翼中旗,科尔沁左翼中旗,通辽市
岢岚县,岢岚县,忻州市
克东县,克东县,齐齐哈尔市
克拉玛依区,克拉玛依区,克拉玛依市
克山县,克山县,齐齐哈尔市
克什克腾旗,克什克腾旗,赤峰市
垦利县,垦利县,东营市
崆峒区,崆峒区,平凉市
库车县,库车县,阿克苏地区
库尔勒市,库尔勒市,巴音郭楞蒙古自治州
库伦旗,库伦旗,通辽市
宽城满族自治县,宽城满族自治县,承德市
宽城区,宽城区,长春市
宽甸满族自治县,宽甸满族自治县,丹东市
矿区,矿区,大同市
矿区,矿区,阳泉市
奎屯市,奎屯市,伊犁哈萨克自治州
奎文区,奎文区,潍坊市
昆都仑区,昆都仑区,包头市
昆山市,昆山市,苏州市
拉孜县,拉孜县,日喀则地区
来安县,来安县,滁州市
来凤县,来凤县,恩施土家族苗族自治州
莱城区,莱城区,莱芜市
莱山区,莱山区,烟台市
莱西市,莱西市,青岛市
莱阳市,莱阳市,烟台市
莱州市,莱州市,烟台市
涞水县,涞水县,保定市
涞源县,涞源县,保定市
兰考县,兰考县,开封市
兰坪白族普米族自治县,兰坪白族普米族自治县,怒江傈傈族自治州
兰山区,兰山区,临沂市
兰西县,兰西县,绥化市
兰溪市,兰溪市,金华市
岚皋县,岚皋县,安康市
岚山区,岚山区,日照市
岚县,岚县,吕梁市
蓝山县,蓝山县,永州市
蓝田县,蓝田县,西安市
澜沧拉祜族自治县,澜沧拉祜族自治县,普洱市
郎溪县,郎溪县,宣城市
阆中市,阆中市,南充市
琅琊区,琅琊区,滁州市
朗县,朗县,林芝地区
浪卡子县,浪卡子县,山南地区
崂山区,崂山区,青岛市
老边区,老边区,营口市
老城区,老城区,洛阳市
老河口市,老河口市,襄樊市
乐安县,乐安县,抚州市
乐昌市,乐昌市,韶关市
乐都县,乐都县,海东地区
乐陵市,乐陵市,德州市
乐平市,乐平市,景德镇市
乐清市,乐清市,温州市
乐亭县,乐亭县,唐山市
乐业县,乐业县,百色市
乐至县,乐至县,资阳市
雷波县,雷波县,凉山彝族自治州
雷山县,雷山县,黔东南苗族侗族自治州
雷州市,雷州市,湛江市
耒阳市,耒阳市,衡阳市
类乌齐县,类乌齐县,昌都地区
冷水江市,冷水江市,娄底市
冷水滩区,冷水滩区,永州市
离石区,离石区,吕梁市
梨树区,梨树区,鸡西市
梨树县,梨树县,四平市
黎城县,黎城县,长治市
黎川县,黎川县,抚州市
黎平县,黎平县,黔东南苗族侗族自治州
蠡县,蠡县,保定市
礼泉县,礼泉县,咸阳市
礼县,礼县,陇南市
李沧区,李沧区,青岛市
理塘县,理塘县,甘孜藏族自治州
理县,理县,阿坝藏族羌族自治州
鲤城区,鲤城区,泉州市
澧县,澧县,常德市
醴陵市,醴陵市,株洲市
历城区,历城区,济南市
历下区,历下区,济南市
立山区,立山区,鞍山市
利川市,利川市,恩施土家族苗族自治州
利津县,利津县,东营市
利通区,利通区,吴忠市
利辛县,利辛县,亳州市
荔波县,荔波县,黔南布依族苗族自治州
荔城区,荔城区,莆田市
荔浦县,荔浦县,桂林市
荔湾区,荔湾区,广州市
溧水县,溧水县,南京市
溧阳市,溧阳市,常州市
连城县,连城县,龙岩市
连江县,连江县,福州市
连南瑶族自治县,连南瑶族自治县,清远市
连平县,连平县,河源市
连山区,连山区,葫芦岛市
连山壮族瑶族自治县,连山壮族瑶族自治县,清远市
连云区,连云区,连云港市
连州市,连州市,清远市
莲都区,莲都区,丽水市
莲湖区,莲湖区,西安市
莲花县,莲花县,萍乡市
涟水县,涟水县,淮安市
涟源市,涟源市,娄底市
廉江市,廉江市,湛江市
良庆区,良庆区,南宁市
凉城县,凉城县,乌兰察布市
凉州区,凉州区,武威市
梁河县,梁河县,德宏傣族景颇族自治州
梁平县,梁平县,重庆市
梁山县,梁山县,济宁市
梁园区,梁园区,商丘市
梁子湖区,梁子湖区,鄂州市
两当县,两当县,陇南市
辽阳县,辽阳县,辽阳市
辽中县,辽中县,沈阳市
烈山区,烈山区,淮北市
邻水县,邻水县,广安市
林甸县,林甸县,大庆市
林口县,林口县,牡丹江市
林西县,林西县,赤峰市
林芝县,林芝县,林芝地区
林州市,林州市,安阳市
林周县,林周县,拉萨市
临安市,临安市,杭州市
临城县,临城县,邢台市
临川区,临川区,抚州市
临桂县,临桂县,桂林市
临海市,临海市,台州市
临河区,临河区,巴彦淖尔市
临江市,临江市,白山市
临澧县,临澧县,常德市
临清市,临清市,聊城市
临朐县,临朐县,潍坊市
临泉县,临泉县,阜阳市
临沭县,临沭县,临沂市
临潭县,临潭县,甘南藏族自治州
临洮县,临洮县,定西市
临潼区,临潼区,西安市
临渭区,临渭区,渭南市
临武县,临武县,郴州市
临西县,临西县,邢台市
临夏市,临夏市,临夏回族自治州
临夏县,临夏县,临夏回族自治州
临县,临县,吕梁市
临湘市,临湘市,岳阳市
临翔区,临翔区,临沧市
临猗县,临猗县,运城市
临邑县,临邑县,德州市
临颍县,临颍县,漯河市
临泽县,临泽县,张掖市
临漳县,临漳县,邯郸市
临淄区,临淄区,淄博市
麟游县,麟游县,宝鸡市
灵宝市,灵宝市,三门峡市
灵璧县,灵璧县,宿州市
灵川县,灵川县,桂林市
灵丘县,灵丘县,大同市
灵山县,灵山县,钦州市
灵石县,灵石县,晋中市
灵寿县,灵寿县,石家庄市
灵台县,灵台县,平凉市
灵武市,灵武市,银川市
凌海市,凌海市,锦州市
凌河区,凌河区,锦州市
凌源市,凌源市,朝阳市
凌云县,凌云县,百色市
陵川县,陵川县,晋城市
陵县,陵县,德州市
零陵区,零陵区,永州市
岭东区,岭东区,双鸭山市
浏阳市,浏阳市,长沙市
留坝县,留坝县,汉中市
柳北区,柳北区,柳州市
柳城县,柳城县,柳州市
柳河县,柳河县,通化市
柳江县,柳江县,柳州市
柳林县,柳林县,吕梁市
柳南区,柳南区,柳州市
六合区,六合区,南京市
六枝特区,六枝特区,六盘水市
龙安区,龙安区,安阳市
龙城区,龙城区,朝阳市
龙川县,龙川县,河源市
龙凤区,龙凤区,大庆市
龙岗区,龙岗区,深圳市
龙港区,龙港区,葫芦岛市
龙海市,龙海市,漳州市
龙湖区,龙湖区,汕头市
龙华区,龙华区,海口市
龙江县,龙江县,齐齐哈尔市
龙井市,龙井市,延边朝鲜族自治州
龙口市,龙口市,烟台市
龙里县,龙里县,黔南布依族苗族自治州
龙陵县,龙陵县,保山市
龙马潭区,龙马潭区,泸州市
龙门县,龙门县,惠州市
龙南县,龙南县,赣州市
龙泉市,龙泉市,丽水市
龙泉驿区,龙泉驿区,成都市
龙沙区,龙沙区,齐齐哈尔市
龙山区,龙山区,辽源市
龙山县,龙山县,湘西土家族苗族自治州
龙胜各族自治县,龙胜各族自治县,桂林市
龙潭区,龙潭区,吉林市
龙亭区,龙亭区,开封市
龙湾区,龙湾区,温州市
龙文区,龙文区,漳州市
龙游县,龙游县,衢州市
龙州县,龙州县,崇左市
龙子湖区,龙子湖区,蚌埠市
隆安县,隆安县,南宁市
隆昌县,隆昌县,内江市
隆德县,隆德县,固原市
隆化县,隆化县,承德市
隆回县,隆回县,邵阳市
隆林各族自治县,隆林各族自治县,百色市
隆阳区,隆阳区,保山市
隆尧县,隆尧县,邢台市
隆子县,隆子县,山南地区
陇川县,陇川县,德宏傣族景颇族自治州
陇西县,陇西县,定西市
陇县,陇县,宝鸡市
娄烦县,娄烦县,太原市
娄星区,娄星区,娄底市
卢龙县,卢龙县,秦皇岛市
卢氏县,卢氏县,三门峡市
卢湾区,卢湾区,上海市
芦山县,芦山县,雅安市
芦淞区,芦淞区,株洲市
芦溪县,芦溪县,萍乡市
庐江县,庐江县,巢湖市
庐山区,庐山区,九江市
庐阳区,庐阳区,合肥市
炉霍县,炉霍县,甘孜藏族自治州
泸定县,泸定县,甘孜藏族自治州
泸水县,泸水县,怒江傈傈族自治州
泸西县,泸西县,红河哈尼族彝族自治州
泸溪县,泸溪县,湘西土家族苗族自治州
泸县,泸县,泸州市
鲁甸县,鲁甸县,昭通市
鲁山县,鲁山县,平顶山市
陆川县,陆川县,玉林市
陆丰市,陆丰市,汕尾市
陆河县,陆河县,汕尾市
陆良县,陆良县,曲靖市
鹿城区,鹿城区,温州市
鹿泉市,鹿泉市,石家庄市
鹿邑县,鹿邑县,周口市
鹿寨县,鹿寨县,柳州市
禄丰县,禄丰县,楚雄彝族自治州
禄劝彝族苗族自治县,禄劝彝族苗族自治县,昆明市
碌曲县,碌曲县,甘南藏族自治州
路北区,路北区,唐山市
路南区,路南区,唐山市
路桥区,路桥区,台州市
潞城市,潞城市,长治市
潞西市,潞西市,德宏傣族景颇族自治州
栾城县,栾城县,石家庄市
栾川县,栾川县,洛阳市
滦南县,滦南县,唐山市
滦平县,滦平县,承德市
滦县,滦县,唐山市
轮台县,轮台县,巴音郭楞蒙古自治州
罗城仫佬族自治县,罗城仫佬族自治县,河池市
罗甸县,罗甸县,黔南布依族苗族自治州
罗定市,罗定市,云浮市
罗湖区,罗湖区,深圳市
罗江县,罗江县,德阳市
罗平县,罗平县,曲靖市
罗山县,罗山县,信阳市
罗田县,罗田县,黄冈市
罗源县,罗源县,福州市
罗庄区,罗庄区,临沂市
萝北县,萝北县,鹤岗市
萝岗区,萝岗区,广州市
洛川县,洛川县,延安市
洛江区,洛江区,泉州市
洛龙区,洛龙区,洛阳市
洛隆县,洛隆县,昌都地区
洛南县,洛南县,商洛市
洛宁县,洛宁县,洛阳市
洛浦县,洛浦县,和田地区
洛扎县,洛扎县,山南地区
旅顺口区,旅顺口区,大连市
绿春县,绿春县,红河哈尼族彝族自治州
绿园区,绿园区,长春市
略阳县,略阳县,汉中市
麻城市,麻城市,黄冈市
麻江县,麻江县,黔东南苗族侗族自治州
麻栗坡县,麻栗坡县,文山壮族苗族自治州
麻山区,麻山区,鸡西市
麻阳苗族自治县,麻阳苗族自治县,怀化市
麻章区,麻章区,湛江市
马边彝族自治县,马边彝族自治县,乐山市
马村区,马村区,焦作市
马尔康县,马尔康县,阿坝藏族羌族自治州
马关县,马关县,文山壮族苗族自治州
马龙县,马龙县,曲靖市
马山县,马山县,南宁市
马尾区,马尾区,福州市
玛多县,玛多县,果洛藏族自治州
玛纳斯县,玛纳斯县,昌吉回族自治州
玛沁县,玛沁县,果洛藏族自治州
玛曲县,玛曲县,甘南藏族自治州
麦盖提县,麦盖提县,喀什地区
麦积区,麦积区,天水市
满城县,满城县,保定市
满洲里市,满洲里市,呼伦贝尔市
芒康县,芒康县,昌都地区
茅箭区,茅箭区,十堰市
茂港区,茂港区,茂名市
茂南区,茂南区,茂名市
茂县,茂县,阿坝藏族羌族自治州
眉县,眉县,宝鸡市
梅河口市,梅河口市,通化市
梅江区,梅江区,梅州市
梅里斯达翰尔族区,梅里斯达翰尔族区,齐齐哈尔市
梅列区,梅列区,三明市
梅县,梅县,梅州市
湄潭县,湄潭县,遵义市
美姑县,美姑县,凉山彝族自治州
美兰区,美兰区,海口市
美溪区,美溪区,伊春市
门头沟区,门头沟区,北京市
门源回族自治县,门源回族自治县,海北藏族自治州
蒙城县,蒙城县,亳州市
蒙山县,蒙山县,梧州市
蒙阴县,蒙阴县,临沂市
蒙自县,蒙自县,红河哈尼族彝族自治州
勐海县,勐海县,西双版纳傣族自治州
勐腊县,勐腊县,西双版纳傣族自治州
孟村回族自治县,孟村回族自治县,沧州市
孟津县,孟津县,洛阳市
孟连傣族拉祜族佤族自治县,孟连傣族拉祜族佤族自治县,普洱市
孟州市,孟州市,焦作市
弥渡县,弥渡县,大理白族自治州
弥勒县,弥勒县,红河哈尼族彝族自治州
米东区,米东区,乌鲁木齐市
米林县,米林县,林芝地区
米易县,米易县,攀枝花市
米脂县,米脂县,榆林市
汨罗市,汨罗市,岳阳市
泌阳县,泌阳县,驻马店市
密山市,密山市,鸡西市
密云县,密云县,北京市
绵竹市,绵竹市,德阳市
勉县,勉县,汉中市
冕宁县,冕宁县,凉山彝族自治州
渑池县,渑池县,三门峡市
民丰县,民丰县,和田地区
民和回族土族自治县,民和回族土族自治县,海东地区
民乐县,民乐县,张掖市
民勤县,民勤县,武威市
民权县,民权县,商丘市
岷县,岷县,定西市
闵行区,闵行区,上海市
闽侯县,闽侯县,福州市
闽清县,闽清县,福州市
名山县,名山县,雅安市
明光市,明光市,滁州市
明山区,明山区,本溪市
明水县,明水县,绥化市
明溪县,明溪县,三明市
莫力达瓦达斡尔族自治旗,莫力达瓦达斡尔族自治旗,呼伦贝尔市
漠河县,漠河县,大兴安岭地区
墨江哈尼族自治县,墨江哈尼族自治县,普洱市
墨脱县,墨脱县,林芝地区
墨玉县,墨玉县,和田地区
墨竹工卡县,墨竹工卡县,拉萨市
牟定县,牟定县,楚雄彝族自治州
牟平区,牟平区,烟台市
牡丹区,牡丹区,菏泽市
木兰县,木兰县,哈尔滨市
木垒哈萨克自治县,木垒哈萨克自治县,昌吉回族自治州
木里藏族自治县,木里藏族自治县,凉山彝族自治州
沐川县,沐川县,乐山市
牧野区,牧野区,新乡市
穆棱市,穆棱市,牡丹江市
那坡县,那坡县,百色市
那曲县,那曲县,那曲地区
纳溪区,纳溪区,泸州市
纳雍县,纳雍县,毕节地区
乃东县,乃东县,山南地区
奈曼旗,奈曼旗,通辽市
南安市,南安市,泉州市
南岸区,南岸区,重庆市
南澳县,南澳县,汕头市
南部县,南部县,南充市
南岔区,南岔区,伊春市
南昌县,南昌县,南昌市
南城县,南城县,抚州市
南川区,南川区,重庆市
南丹县,南丹县,河池市
南芬区,南芬区,本溪市
南丰县,南丰县,抚州市
南岗区,南岗区,哈尔滨市
南宫市,南宫市,邢台市
南关区,南关区,长春市
南海区,南海区,佛山市
南和县,南和县,邢台市
南华县,南华县,楚雄彝族自治州
南汇区,南汇区,上海市
南涧彝族自治县,南涧彝族自治县,大理白族自治州
南江县,南江县,巴中市
南郊区,南郊区,大同市
南靖县,南靖县,漳州市
南开区,南开区,天津市
南康市,南康市,赣州市
南乐县,南乐县,濮阳市
南陵县,南陵县,芜湖市
南明区,南明区,贵阳市
南木林县,南木林县,日喀则地区
南皮县,南皮县,沧州市
南票区,南票区,葫芦岛市
南谯区,南谯区,滁州市
南沙区,南沙区,广州市
南山区,南山区,深圳市
南山区,南山区,鹤岗市
南市区,南市区,保定市
南溪县,南溪县,宜宾市
南县,南县,益阳市
南雄市,南雄市,韶关市
南浔区,南浔区,湖州市
南岳区,南岳区,衡阳市
南漳县,南漳县,襄樊市
南长区,南长区,无锡市
南召县,南召县,南阳市
南郑县,南郑县,汉中市
囊谦县,囊谦县,玉树藏族自治州
讷河市,讷河市,齐齐哈尔市
内黄县,内黄县,安阳市
内丘县,内丘县,邢台市
内乡县,内乡县,南阳市
嫩江县,嫩江县,黑河市
尼勒克县,尼勒克县,伊犁哈萨克自治州
尼玛县,尼玛县,那曲地区
尼木县,尼木县,拉萨市
碾子山区,碾子山区,齐齐哈尔市
聂拉木县,聂拉木县,日喀则地区
聂荣县,聂荣县,那曲地区
宁安市,宁安市,牡丹江市
宁城县,宁城县,赤峰市
宁都县,宁都县,赣州市
宁洱哈尼族彝族自治县,宁洱哈尼族彝族自治县,普洱市
宁国市,宁国市,宣城市
宁海县,宁海县,宁波市
宁河县,宁河县,天津市
宁化县,宁化县,三明市
宁江区,宁江区,松原市
宁津县,宁津县,德州市
宁晋县,宁晋县,邢台市
宁蒗彝族自治县,宁蒗彝族自治县,丽江市
宁陵县,宁陵县,商丘市
宁明县,宁明县,崇左市
宁南县,宁南县,凉山彝族自治州
宁强县,宁强县,汉中市
宁陕县,宁陕县,安康市
宁武县,宁武县,忻州市
宁县,宁县,庆阳市
宁乡县,宁乡县,长沙市
宁阳县,宁阳县,泰安市
宁远县,宁远县,永州市
农安县,农安县,长春市
瓯海区,瓯海区,温州市
潘集区,潘集区,淮南市
盘龙区,盘龙区,昆明市
盘山县,盘山县,盘锦市
盘县,盘县,六盘水市
磐安县,磐安县,金华市
磐石市,磐石市,吉林市
沛县,沛县,徐州市
彭山县,彭山县,眉山市
彭水苗族土家族自治县,彭水苗族土家族自治县,重庆市
彭阳县,彭阳县,固原市
彭泽县,彭泽县,九江市
彭州市,彭州市,成都市
蓬安县,蓬安县,南充市
蓬江区,蓬江区,江门市
蓬莱市,蓬莱市,烟台市
蓬溪县,蓬溪县,遂宁市
邳州市,邳州市,徐州市
皮山县,皮山县,和田地区
郫县,郫县,成都市
偏关县,偏关县,忻州市
平安县,平安县,海东地区
平坝县,平坝县,安顺市
平昌县,平昌县,巴中市
平川区,平川区,白银市
平定县,平定县,阳泉市
平度市,平度市,青岛市
平房区,平房区,哈尔滨市
平谷区,平谷区,北京市
平果县,平果县,百色市
平和县,平和县,漳州市
平江区,平江区,苏州市
平江县,平江县,岳阳市
平乐县,平乐县,桂林市
平利县,平利县,安康市
平鲁区,平鲁区,朔州市
平陆县,平陆县,运城市
平罗县,平罗县,石嘴山市
平南县,平南县,贵港市
平桥区,平桥区,信阳市
平泉县,平泉县,承德市
平山区,平山区,本溪市
平山县,平山县,石家庄市
平顺县,平顺县,长治市
平潭县,平潭县,福州市
平塘县,平塘县,黔南布依族苗族自治州
平武县,平武县,绵阳市
平乡县,平乡县,邢台市
平阳县,平阳县,温州市
平遥县,平遥县,晋中市
平邑县,平邑县,临沂市
平阴县,平阴县,济南市
平舆县,平舆县,驻马店市
平原县,平原县,德州市
平远县,平远县,梅州市
凭祥市,凭祥市,崇左市
屏边苗族自治县,屏边苗族自治县,红河哈尼族彝族自治州
屏南县,屏南县,宁德市
屏山县,屏山县,宜宾市
坡头区,坡头区,湛江市
鄱阳县,鄱阳县,上饶市
蒲城县,蒲城县,渭南市
蒲江县,蒲江县,成都市
蒲县,蒲县,临汾市
濮阳县,濮阳县,濮阳市
浦北县,浦北县,钦州市
浦城县,浦城县,南平市
浦东新区,浦东新区,上海市
浦江县,浦江县,金华市
浦口区,浦口区,南京市
普安县,普安县,黔西南布依族苗族自治州
普定县,普定县,安顺市
普格县,普格县,凉山彝族自治州
普兰店市,普兰店市,大连市
普兰县,普兰县,阿里地区
普宁市,普宁市,揭阳市
普陀区,普陀区,上海市
普陀区,普陀区,舟山市
七里河区,七里河区,兰州市
七星区,七星区,桂林市
栖霞区,栖霞区,南京市
栖霞市,栖霞市,烟台市
戚墅堰区,戚墅堰区,常州市
齐河县,齐河县,德州市
祁东县,祁东县,衡阳市
祁连县,祁连县,海北藏族自治州
祁门县,祁门县,黄山市
祁县,祁县,晋中市
祁阳县,祁阳县,永州市
岐山县,岐山县,宝鸡市
奇台县,奇台县,昌吉回族自治州
淇滨区,淇滨区,鹤壁市
淇县,淇县,鹤壁市
綦江县,綦江县,重庆市
蕲春县,蕲春县,黄冈市
麒麟区,麒麟区,曲靖市
杞县,杞县,开封市
启东市,启东市,南通市
千山区,千山区,鞍山市
千阳县,千阳县,宝鸡市
迁安市,迁安市,唐山市
迁西县,迁西县,唐山市
铅山县,铅山县,上饶市
前郭尔罗斯蒙古族自治县,前郭尔罗斯蒙古族自治县,松原市
前进区,前进区,佳木斯市
乾安县,乾安县,松原市
乾县,乾县,咸阳市
潜山县,潜山县,安庆市
黔江区,黔江区,重庆市
黔西县,黔西县,毕节地区
桥东区,桥东区,邢台市
桥东区,桥东区,石家庄市
桥东区,桥东区,张家口市
桥西区,桥西区,邢台市
桥西区,桥西区,石家庄市
桥西区,桥西区,张家口市
硚口区,硚口区,武汉市
谯城区,谯城区,亳州市
巧家县,巧家县,昭通市
茄子河区,茄子河区,七台河市
且末县,且末县,巴音郭楞蒙古自治州
钦北区,钦北区,钦州市
钦南区,钦南区,钦州市
秦安县,秦安县,天水市
秦都区,秦都区,咸阳市
秦淮区,秦淮区,南京市
秦州区,秦州区,天水市
沁水县,沁水县,晋城市
沁县,沁县,长治市
沁阳市,沁阳市,焦作市
沁源县,沁源县,长治市
青白江区,青白江区,成都市
青川县,青川县,广元市
青冈县,青冈县,绥化市
青河县,青河县,阿勒泰地区
青龙满族自治县,青龙满族自治县,秦皇岛市
青浦区,青浦区,上海市
青山湖区,青山湖区,南昌市
青山区,青山区,武汉市
青山区,青山区,包头市
青神县,青神县,眉山市
青田县,青田县,丽水市
青铜峡市,青铜峡市,吴忠市
青县,青县,沧州市
青秀区,青秀区,南宁市
青羊区,青羊区,成都市
青阳县,青阳县,池州市
青原区,青原区,吉安市
青云谱区,青云谱区,南昌市
青州市,青州市,潍坊市
清城区,清城区,清远市
清丰县,清丰县,濮阳市
清河门区,清河门区,阜新市
清河区,清河区,铁岭市
清河区,清河区,淮安市
清河县,清河县,邢台市
清涧县,清涧县,榆林市
清流县,清流县,三明市
清浦区,清浦区,淮安市
清水河县,清水河县,呼和浩特市
清水县,清水县,天水市
清新县,清新县,清远市
清徐县,清徐县,太原市
清原满族自治县,清原满族自治县,抚顺市
清苑县,清苑县,保定市
清镇市,清镇市,贵阳市
晴隆县,晴隆县,黔西南布依族苗族自治州
庆安县,庆安县,绥化市
庆城县,庆城县,庆阳市
庆元县,庆元县,丽水市
庆云县,庆云县,德州市
邛崃市,邛崃市,成都市
琼结县,琼结县,山南地区
琼山区,琼山区,海口市
丘北县,丘北县,文山壮族苗族自治州
邱县,邱县,邯郸市
渠县,渠县,达州市
衢江区,衢江区,衢州市
曲阜市,曲阜市,济宁市
曲江区,曲江区,韶关市
曲麻莱县,曲麻莱县,玉树藏族自治州
曲水县,曲水县,拉萨市
曲松县,曲松县,山南地区
曲沃县,曲沃县,临汾市
曲阳县,曲阳县,保定市
曲周县,曲周县,邯郸市
全椒县,全椒县,滁州市
全南县,全南县,赣州市
全州县,全州县,桂林市
泉港区,泉港区,泉州市
泉山区,泉山区,徐州市
确山县,确山县,驻马店市
壤塘县,壤塘县,阿坝藏族羌族自治州
让胡路区,让胡路区,大庆市
饶河县,饶河县,双鸭山市
饶平县,饶平县,潮州市
饶阳县,饶阳县,衡水市
仁布县,仁布县,日喀则地区
仁和区,仁和区,攀枝花市
仁化县,仁化县,韶关市
仁怀市,仁怀市,遵义市
仁寿县,仁寿县,眉山市
任城区,任城区,济宁市
任丘市,任丘市,沧州市
任县,任县,邢台市
日喀则市,日喀则市,日喀则地区
日土县,日土县,阿里地区
荣昌县,荣昌县,重庆市
荣成市,荣成市,威海市
荣县,荣县,自贡市
容城县,容城县,保定市
容县,容县,玉林市
榕城区,榕城区,揭阳市
榕江县,榕江县,黔东南苗族侗族自治州
融安县,融安县,柳州市
融水苗族自治县,融水苗族自治县,柳州市
如东县,如东县,南通市
如皋市,如皋市,南通市
汝城县,汝城县,郴州市
汝南县,汝南县,驻马店市
汝阳县,汝阳县,洛阳市
汝州市,汝州市,平顶山市
乳山市,乳山市,威海市
乳源瑶族自治县,乳源瑶族自治县,韶关市
芮城县,芮城县,运城市
瑞安市,瑞安市,温州市
瑞昌市,瑞昌市,九江市
瑞金市,瑞金市,赣州市
瑞丽市,瑞丽市,德宏傣族景颇族自治州
润州区,润州区,镇江市
若尔盖县,若尔盖县,阿坝藏族羌族自治州
若羌县,若羌县,巴音郭楞蒙古自治州
萨尔图区,萨尔图区,大庆市
萨嘎县,萨嘎县,日喀则地区
萨迦县,萨迦县,日喀则地区
赛罕区,赛罕区,呼和浩特市
三都水族自治县,三都水族自治县,黔南布依族苗族自治州
三河市,三河市,廊坊市
三江侗族自治县,三江侗族自治县,柳州市
三门县,三门县,台州市
三山区,三山区,芜湖市
三水区,三水区,佛山市
三穗县,三穗县,黔东南苗族侗族自治州
三台县,三台县,绵阳市
三元区,三元区,三明市
三原县,三原县,咸阳市
桑日县,桑日县,山南地区
桑植县,桑植县,张家界市
色达县,色达县,甘孜藏族自治州
沙河口区,沙河口区,大连市
沙河市,沙河市,邢台市
沙坪坝区,沙坪坝区,重庆市
沙坡头区,沙坡头区,中卫市
沙市区,沙市区,荆州市
沙湾区,沙湾区,乐山市
沙湾县,沙湾县,塔城地区
沙县,沙县,三明市
沙雅县,沙雅县,阿克苏地区
沙洋县,沙洋县,荆门市
沙依巴克区,沙依巴克区,乌鲁木齐市
莎车县,莎车县,喀什地区
山城区,山城区,鹤壁市
山丹县,山丹县,张掖市
山海关区,山海关区,秦皇岛市
山亭区,山亭区,枣庄市
山阳区,山阳区,焦作市
山阳县,山阳县,商洛市
山阴县,山阴县,朔州市
陕县,陕县,三门峡市
鄯善县,鄯善县,吐鲁番地区
商城县,商城县,信阳市
商都县,商都县,乌兰察布市
商河县,商河县,济南市
商南县,商南县,商洛市
商水县,商水县,周口市
商州区,商州区,商洛市
上蔡县,上蔡县,驻马店市
上城区,上城区,杭州市
上甘岭区,上甘岭区,伊春市
上高县,上高县,宜春市
上杭县,上杭县,龙岩市
上街区,上街区,郑州市
上栗县,上栗县,萍乡市
上林县,上林县,南宁市
上饶县,上饶县,上饶市
上思县,上思县,防城港市
上犹县,上犹县,赣州市
上虞市,上虞市,绍兴市
尚义县,尚义县,张家口市
尚志市,尚志市,哈尔滨市
韶山市,韶山市,湘潭市
邵东县,邵东县,邵阳市
邵武市,邵武市,南平市
邵阳县,邵阳县,邵阳市
绍兴县,绍兴县,绍兴市
社旗县,社旗县,南阳市
射洪县,射洪县,遂宁市
射阳县,射阳县,盐城市
涉县,涉县,邯郸市
申扎县,申扎县,那曲地区
莘县,莘县,聊城市
深泽县,深泽县,石家庄市
深州市,深州市,衡水市
什邡市,什邡市,德阳市
神池县,神池县,忻州市
神木县,神木县,榆林市
沈北新区,沈北新区,沈阳市
沈河区,沈河区,沈阳市
沈丘县,沈丘县,周口市
嵊泗县,嵊泗县,舟山市
嵊州市,嵊州市,绍兴市
师宗县,师宗县,曲靖市
狮子山区,狮子山区,铜陵市
施秉县,施秉县,黔东南苗族侗族自治州
施甸县,施甸县,保山市
浉河区,浉河区,信阳市
石城县,石城县,赣州市
石峰区,石峰区,株洲市
石鼓区,石鼓区,衡阳市
石拐区,石拐区,包头市
石景山区,石景山区,北京市
石林彝族自治县,石林彝族自治县,昆明市
石龙区,石龙区,平顶山市
石楼县,石楼县,吕梁市
石门县,石门县,常德市
石棉县,石棉县,雅安市
石屏县,石屏县,红河哈尼族彝族自治州
石阡县,石阡县,铜仁地区
石渠县,石渠县,甘孜藏族自治州
石泉县,石泉县,安康市
石狮市,石狮市,泉州市
石首市,石首市,荆州市
石台县,石台县,池州市
石柱土家族自治县,石柱土家族自治县,重庆市
始兴县,始兴县,韶关市
市北区,市北区,青岛市
市南区,市南区,青岛市
市中区,市中区,济南市
市中区,市中区,济宁市
市中区,市中区,枣庄市
市中区,市中区,内江市
市中区,市中区,乐山市
市中区,市中区,广元市
寿光市,寿光市,潍坊市
寿宁县,寿宁县,宁德市
寿县,寿县,六安市
寿阳县,寿阳县,晋中市
舒城县,舒城县,六安市
舒兰市,舒兰市,吉林市
疏附县,疏附县,喀什地区
疏勒县,疏勒县,喀什地区
蜀山区,蜀山区,合肥市
沭阳县,沭阳县,宿迁市
双柏县,双柏县,楚雄彝族自治州
双城市,双城市,哈尔滨市
双峰县,双峰县,娄底市
双江拉祜族佤族布朗族傣族自治县,双江拉祜族佤族布朗族傣族自治县,临沧市
双辽市,双辽市,四平市
双流县,双流县,成都市
双滦区,双滦区,承德市
双牌县,双牌县,永州市
双桥区,双桥区,重庆市
双桥区,双桥区,承德市
双清区,双清区,邵阳市
双塔区,双塔区,朝阳市
双台子区,双台子区,盘锦市
双阳区,双阳区,长春市
水城县,水城县,六盘水市
水富县,水富县,昭通市
水磨沟区,水磨沟区,乌鲁木齐市
顺昌县,顺昌县,南平市
顺城区,顺城区,抚顺市
顺德区,顺德区,佛山市
顺河回族区,顺河回族区,开封市
顺平县,顺平县,保定市
顺庆区,顺庆区,南充市
顺义区,顺义区,北京市
朔城区,朔城区,朔州市
思茅区,思茅区,普洱市
思明区,思明区,厦门市
思南县,思南县,铜仁地区
四方区,四方区,青岛市
四方台区,四方台区,双鸭山市
四会市,四会市,肇庆市
四子王旗,四子王旗,乌兰察布市
泗洪县,泗洪县,宿迁市
泗水县,泗水县,济宁市
泗县,泗县,宿州市
泗阳县,泗阳县,宿迁市
松北区,松北区,哈尔滨市
松江区,松江区,上海市
松潘县,松潘县,阿坝藏族羌族自治州
松山区,松山区,赤峰市
松桃苗族自治县,松桃苗族自治县,铜仁地区
松溪县,松溪县,南平市
松阳县,松阳县,丽水市
松滋市,松滋市,荆州市
嵩明县,嵩明县,昆明市
嵩县,嵩县,洛阳市
苏家屯区,苏家屯区,沈阳市
苏尼特右旗,苏尼特右旗,锡林郭勒盟
苏尼特左旗,苏尼特左旗,锡林郭勒盟
苏仙区,苏仙区,郴州市
肃北蒙古族自治县,肃北蒙古族自治县,酒泉市
肃南裕固族自治县,肃南裕固族自治县,张掖市
肃宁县,肃宁县,沧州市
肃州区,肃州区,酒泉市
睢宁县,睢宁县,徐州市
睢县,睢县,商丘市
睢阳区,睢阳区,商丘市
濉溪县,濉溪县,淮北市
绥滨县,绥滨县,鹤岗市
绥德县,绥德县,榆林市
绥芬河市,绥芬河市,牡丹江市
绥江县,绥江县,昭通市
绥棱县,绥棱县,绥化市
绥宁县,绥宁县,邵阳市
绥阳县,绥阳县,遵义市
绥中县,绥中县,葫芦岛市
遂昌县,遂昌县,丽水市
遂川县,遂川县,吉安市
遂平县,遂平县,驻马店市
遂溪县,遂溪县,湛江市
孙吴县,孙吴县,黑河市
索县,索县,那曲地区
塔城市,塔城市,塔城地区
塔河县,塔河县,大兴安岭地区
塔什库尔干塔吉克自治县,塔什库尔干塔吉克自治县,喀什地区
台安县,台安县,鞍山市
台儿庄区,台儿庄区,枣庄市
台江区,台江区,福州市
台江县,台江县,黔东南苗族侗族自治州
台前县,台前县,濮阳市
台山市,台山市,江门市
太白县,太白县,宝鸡市
太仓市,太仓市,苏州市
太谷县,太谷县,晋中市
太和区,太和区,锦州市
太和县,太和县,阜阳市
太湖县,太湖县,安庆市
太康县,太康县,周口市
太平区,太平区,阜新市
太仆寺旗,太仆寺旗,锡林郭勒盟
太子河区,太子河区,辽阳市
泰和县,泰和县,吉安市
泰来县,泰来县,齐齐哈尔市
泰宁县,泰宁县,三明市
泰山区,泰山区,泰安市
泰顺县,泰顺县,温州市
泰兴市,泰兴市,泰州市
郯城县,郯城县,临沂市
覃塘区,覃塘区,贵港市
汤旺河区,汤旺河区,伊春市
汤阴县,汤阴县,安阳市
汤原县,汤原县,佳木斯市
唐海县,唐海县,唐山市
唐河县,唐河县,南阳市
唐县,唐县,保定市
塘沽区,塘沽区,天津市
洮北区,洮北区,白城市
洮南市,洮南市,白城市
桃城区,桃城区,衡水市
桃江县,桃江县,益阳市
桃山区,桃山区,七台河市
桃源县,桃源县,常德市
特克斯县,特克斯县,伊犁哈萨克自治州
腾冲县,腾冲县,保山市
滕州市,滕州市,枣庄市
藤县,藤县,梧州市
天等县,天等县,崇左市
天峨县,天峨县,河池市
天河区,天河区,广州市
天峻县,天峻县,海西蒙古族藏族自治州
天宁区,天宁区,常州市
天桥区,天桥区,济南市
天全县,天全县,雅安市
天山区,天山区,乌鲁木齐市
天台县,天台县,台州市
天心区,天心区,长沙市
天元区,天元区,株洲市
天长市,天长市,滁州市
天镇县,天镇县,大同市
天柱县,天柱县,黔东南苗族侗族自治州
天祝藏族自治县,天祝藏族自治县,武威市
田东县,田东县,百色市
田家庵区,田家庵区,淮南市
田林县,田林县,百色市
田阳县,田阳县,百色市
调兵山市,调兵山市,铁岭市
铁东区,铁东区,鞍山市
铁东区,铁东区,四平市
铁锋区,铁锋区,齐齐哈尔市
铁力市,铁力市,伊春市
铁岭县,铁岭县,铁岭市
铁山港区,铁山港区,北海市
铁山区,铁山区,黄石市
铁西区,铁西区,沈阳市
铁西区,铁西区,鞍山市
铁西区,铁西区,四平市
亭湖区,亭湖区,盐城市
通城县,通城县,咸宁市
通川区,通川区,达州市
通道侗族自治县,通道侗族自治县,怀化市
通海县,通海县,玉溪市
通河县,通河县,哈尔滨市
通化县,通化县,通化市
通江县,通江县,巴中市
通山县,通山县,咸宁市
通渭县,通渭县,定西市
通许县,通许县,开封市
通榆县,通榆县,白城市
通州区,通州区,北京市
通州市,通州市,南通市
同安区,同安区,厦门市
同德县,同德县,海南藏族自治州
同江市,同江市,佳木斯市
同仁县,同仁县,黄南藏族自治州
同心县,同心县,吴忠市
桐柏县,桐柏县,南阳市
桐城市,桐城市,安庆市
桐庐县,桐庐县,杭州市
桐梓县,桐梓县,遵义市
铜鼓县,铜鼓县,宜春市
铜官山区,铜官山区,铜陵市
铜梁县,铜梁县,重庆市
铜陵县,铜陵县,铜陵市
铜仁市,铜仁市,铜仁地区
铜山县,铜山县,徐州市
潼关县,潼关县,渭南市
潼南县,潼南县,重庆市
头屯河区,头屯河区,乌鲁木齐市
突泉县,突泉县,兴安盟
图们市,图们市,延边朝鲜族自治州
土默特右旗,土默特右旗,包头市
土默特左旗,土默特左旗,呼和浩特市
吐鲁番市,吐鲁番市,吐鲁番地区
团风县,团风县,黄冈市
屯留县,屯留县,长治市
屯溪区,屯溪区,黄山市
托克托县,托克托县,呼和浩特市
托克逊县,托克逊县,吐鲁番地区
托里县,托里县,塔城地区
瓦房店市,瓦房店市,大连市
湾里区,湾里区,南昌市
宛城区,宛城区,南阳市
万安县,万安县,吉安市
万柏林区,万柏林区,太原市
万年县,万年县,上饶市
万全县,万全县,张家口市
万荣县,万荣县,运城市
万山特区,万山特区,铜仁地区
万盛区,万盛区,重庆市
万秀区,万秀区,梧州市
万源市,万源市,达州市
万载县,万载县,宜春市
万州区,万州区,重庆市
汪清县,汪清县,延边朝鲜族自治州
王益区,王益区,铜川市
旺苍县,旺苍县,广元市
望城县,望城县,长沙市
望都县,望都县,保定市
望花区,望花区,抚顺市
望江县,望江县,安庆市
望奎县,望奎县,绥化市
望谟县,望谟县,黔西南布依族苗族自治州
威宁彝族回族苗族自治县,威宁彝族回族苗族自治县,毕节地区
威县,威县,邢台市
威信县,威信县,昭通市
威远县,威远县,内江市
微山县,微山县,济宁市
巍山彝族回族自治县,巍山彝族回族自治县,大理白族自治州
围场满族蒙古族自治县,围场满族蒙古族自治县,承德市
维西傈僳族自治县,维西傈僳族自治县,迪庆藏族自治州
维扬区,维扬区,扬州市
潍城区,潍城区,潍坊市
卫滨区,卫滨区,新乡市
卫东区,卫东区,平顶山市
卫辉市,卫辉市,新乡市
未央区,未央区,西安市
尉犁县,尉犁县,巴音郭楞蒙古自治州
尉氏县,尉氏县,开封市
渭滨区,渭滨区,宝鸡市
渭城区,渭城区,咸阳市
渭源县,渭源县,定西市
蔚县,蔚县,张家口市
魏都区,魏都区,许昌市
魏县,魏县,邯郸市
温江区,温江区,成都市
温岭市,温岭市,台州市
温泉县,温泉县,博尔塔拉蒙古自治州
温县,温县,焦作市
温宿县,温宿县,阿克苏地区
文安县,文安县,廊坊市
文成县,文成县,温州市
文登市,文登市,威海市
文峰区,文峰区,安阳市
文山县,文山县,文山壮族苗族自治州
文圣区,文圣区,辽阳市
文水县,文水县,吕梁市
文县,文县,陇南市
闻喜县,闻喜县,运城市
汶川县,汶川县,阿坝藏族羌族自治州
汶上县,汶上县,济宁市
翁牛特旗,翁牛特旗,赤峰市
翁源县,翁源县,韶关市
瓮安县,瓮安县,黔南布依族苗族自治州
涡阳县,涡阳县,亳州市
卧龙区,卧龙区,南阳市
乌达区,乌达区,乌海市
乌当区,乌当区,贵阳市
乌尔禾区,乌尔禾区,克拉玛依市
乌拉特后旗,乌拉特后旗,巴彦淖尔市
乌拉特前旗,乌拉特前旗,巴彦淖尔市
乌拉特中旗,乌拉特中旗,巴彦淖尔市
乌兰浩特市,乌兰浩特市,兴安盟
乌兰县,乌兰县,海西蒙古族藏族自治州
乌鲁木齐县,乌鲁木齐县,乌鲁木齐市
乌马河区,乌马河区,伊春市
乌恰县,乌恰县,克孜勒苏柯尔克孜自治州
乌什县,乌什县,阿克苏地区
乌审旗,乌审旗,鄂尔多斯市
乌苏市,乌苏市,塔城地区
乌伊岭区,乌伊岭区,伊春市
巫山县,巫山县,重庆市
巫溪县,巫溪县,重庆市
无棣县,无棣县,滨州市
无极县,无极县,石家庄市
无为县,无为县,巢湖市
芜湖县,芜湖县,芜湖市
吴堡县,吴堡县,榆林市
吴川市,吴川市,湛江市
吴江市,吴江市,苏州市
吴起县,吴起县,延安市
吴桥县,吴桥县,沧州市
吴兴区,吴兴区,湖州市
吴中区,吴中区,苏州市
五常市,五常市,哈尔滨市
五大连池市,五大连池市,黑河市
五峰土家族自治县,五峰土家族自治县,宜昌市
五河县,五河县,蚌埠市
五华区,五华区,昆明市
五华县,五华县,梅州市
五莲县,五莲县,日照市
五台县,五台县,忻州市
五通桥区,五通桥区,乐山市
五营区,五营区,伊春市
五原县,五原县,巴彦淖尔市
五寨县,五寨县,忻州市
伍家岗区,伍家岗区,宜昌市
武安市,武安市,邯郸市
武昌区,武昌区,武汉市
武城县,武城县,德州市
武川县,武川县,呼和浩特市
武定县,武定县,楚雄彝族自治州
武都区,武都区,陇南市
武冈市,武冈市,邵阳市
武功县,武功县,咸阳市
武侯区,武侯区,成都市
武江区,武江区,韶关市
武进区,武进区,常州市
武陵区,武陵区,常德市
武陵源区,武陵源区,张家界市
武隆县,武隆县,重庆市
武鸣县,武鸣县,南宁市
武宁县,武宁县,九江市
武平县,武平县,龙岩市
武强县,武强县,衡水市
武清区,武清区,天津市
武山县,武山县,天水市
武胜县,武胜县,广安市
武乡县,武乡县,长治市
武宣县,武宣县,来宾市
武穴市,武穴市,黄冈市
武夷山市,武夷山市,南平市
武义县,武义县,金华市
武邑县,武邑县,衡水市
武陟县,武陟县,焦作市
舞钢市,舞钢市,平顶山市
舞阳县,舞阳县,漯河市
务川仡佬族苗族自治县,务川仡佬族苗族自治县,遵义市
婺城区,婺城区,金华市
婺源县,婺源县,上饶市
西安区,西安区,辽源市
西安区,西安区,牡丹江市
西昌市,西昌市,凉山彝族自治州
西城区,西城区,北京市
西充县,西充县,南充市
西畴县,西畴县,文山壮族苗族自治州
西丰县,西丰县,铁岭市
西峰区,西峰区,庆阳市
西岗区,西岗区,大连市
西工区,西工区,洛阳市
西固区,西固区,兰州市
西和县,西和县,陇南市
西湖区,西湖区,南昌市
西湖区,西湖区,杭州市
西华县,西华县,周口市
西吉县,西吉县,固原市
西林区,西林区,伊春市
西林县,西林县,百色市
西陵区,西陵区,宜昌市
西盟佤族自治县,西盟佤族自治县,普洱市
西平县,西平县,驻马店市
西青区,西青区,天津市
西区,西区,攀枝花市
西塞山区,西塞山区,黄石市
西山区,西山区,昆明市
西市区,西市区,营口市
西乌珠穆沁旗,西乌珠穆沁旗,锡林郭勒盟
西峡县,西峡县,南阳市
西夏区,西夏区,银川市
西乡塘区,西乡塘区,南宁市
西乡县,西乡县,汉中市
西秀区,西秀区,安顺市
昔阳县,昔阳县,晋中市
息烽县,息烽县,贵阳市
息县,息县,信阳市
浠水县,浠水县,黄冈市
淅川县,淅川县,南阳市
锡林浩特市,锡林浩特市,锡林郭勒盟
锡山区,锡山区,无锡市
溪湖区,溪湖区,本溪市
歙县,歙县,黄山市
习水县,习水县,遵义市
隰县,隰县,临汾市
喜德县,喜德县,凉山彝族自治州
细河区,细河区,阜新市
峡江县,峡江县,吉安市
霞浦县,霞浦县,宁德市
霞山区,霞山区,湛江市
下城区,下城区,杭州市
下关区,下关区,南京市
下花园区,下花园区,张家口市
下陆区,下陆区,黄石市
夏河县,夏河县,甘南藏族自治州
夏津县,夏津县,德州市
夏县,夏县,运城市
夏邑县,夏邑县,商丘市
仙居县,仙居县,台州市
仙游县,仙游县,莆田市
咸安区,咸安区,咸宁市
咸丰县,咸丰县,恩施土家族苗族自治州
献县,献县,沧州市
乡城县,乡城县,甘孜藏族自治州
乡宁县,乡宁县,临汾市
芗城区,芗城区,漳州市
相城区,相城区,苏州市
相山区,相山区,淮北市
香坊区,香坊区,哈尔滨市
香格里拉县,香格里拉县,迪庆藏族自治州
香河县,香河县,廊坊市
香洲区,香洲区,珠海市
湘东区,湘东区,萍乡市
湘桥区,湘桥区,潮州市
湘潭县,湘潭县,湘潭市
湘乡市,湘乡市,湘潭市
湘阴县,湘阴县,岳阳市
襄城区,襄城区,襄樊市
襄城县,襄城县,许昌市
襄汾县,襄汾县,临汾市
襄阳区,襄阳区,襄樊市
襄垣县,襄垣县,长治市
镶黄旗,镶黄旗,锡林郭勒盟
祥云县,祥云县,大理白族自治州
翔安区,翔安区,厦门市
响水县,响水县,盐城市
向阳区,向阳区,佳木斯市
向阳区,向阳区,鹤岗市
项城市,项城市,周口市
象山区,象山区,桂林市
象山县,象山县,宁波市
象州县,象州县,来宾市
萧山区,萧山区,杭州市
萧县,萧县,宿州市
猇亭区,猇亭区,宜昌市
小店区,小店区,太原市
小河区,小河区,贵阳市
小金县,小金县,阿坝藏族羌族自治州
孝昌县,孝昌县,孝感市
孝南区,孝南区,孝感市
孝义市,孝义市,吕梁市
谢家集区,谢家集区,淮南市
谢通门县,谢通门县,日喀则地区
辛集市,辛集市,石家庄市
忻城县,忻城县,来宾市
忻府区,忻府区,忻州市
新安县,新安县,洛阳市
新巴尔虎右旗,新巴尔虎右旗,呼伦贝尔市
新巴尔虎左旗,新巴尔虎左旗,呼伦贝尔市
新北区,新北区,常州市
新宾满族自治县,新宾满族自治县,抚顺市
新蔡县,新蔡县,驻马店市
新昌县,新昌县,绍兴市
新城区,新城区,西安市
新城区,新城区,呼和浩特市
新都区,新都区,成都市
新丰县,新丰县,韶关市
新抚区,新抚区,抚顺市
新干县,新干县,吉安市
新和县,新和县,阿克苏地区
新河县,新河县,邢台市
新华区,新华区,沧州市
新华区,新华区,平顶山市
新华区,新华区,石家庄市
新化县,新化县,娄底市
新晃侗族自治县,新晃侗族自治县,怀化市
新会区,新会区,江门市
新建县,新建县,南昌市
新绛县,新绛县,运城市
新津县,新津县,成都市
新乐市,新乐市,石家庄市
新龙县,新龙县,甘孜藏族自治州
新罗区,新罗区,龙岩市
新密市,新密市,郑州市
新民市,新民市,沈阳市
新宁县,新宁县,邵阳市
新平彝族傣族自治县,新平彝族傣族自治县,玉溪市
新浦区,新浦区,连云港市
新青区,新青区,伊春市
新邱区,新邱区,阜新市
新荣区,新荣区,大同市
新邵县,新邵县,邵阳市
新市区,新市区,乌鲁木齐市
新市区,新市区,保定市
新泰市,新泰市,泰安市
新田县,新田县,永州市
新县,新县,信阳市
新乡县,新乡县,新乡市
新兴区,新兴区,七台河市
新兴县,新兴县,云浮市
新野县,新野县,南阳市
新沂市,新沂市,徐州市
新源县,新源县,伊犁哈萨克自治州
新郑市,新郑市,郑州市
新洲区,新洲区,武汉市
信丰县,信丰县,赣州市
信宜市,信宜市,茂名市
信州区,信州区,上饶市
星子县,星子县,九江市
邢台县,邢台县,邢台市
兴安区,兴安区,鹤岗市
兴安县,兴安县,桂林市
兴宾区,兴宾区,来宾市
兴城市,兴城市,葫芦岛市
兴国县,兴国县,赣州市
兴海县,兴海县,海南藏族自治州
兴和县,兴和县,乌兰察布市
兴化市,兴化市,泰州市
兴隆台区,兴隆台区,盘锦市
兴隆县,兴隆县,承德市
兴宁区,兴宁区,南宁市
兴宁市,兴宁市,梅州市
兴平市,兴平市,咸阳市
兴庆区,兴庆区,银川市
兴仁县,兴仁县,黔西南布依族苗族自治州
兴山区,兴山区,鹤岗市
兴山县,兴山县,宜昌市
兴文县,兴文县,宜宾市
兴县,兴县,吕梁市
兴业县,兴业县,玉林市
兴义市,兴义市,黔西南布依族苗族自治州
杏花岭区,杏花岭区,太原市
雄县,雄县,保定市
休宁县,休宁县,黄山市
修水县,修水县,九江市
修文县,修文县,贵阳市
修武县,修武县,焦作市
宿城区,宿城区,宿迁市
宿松县,宿松县,安庆市
宿豫区,宿豫区,宿迁市
秀峰区,秀峰区,桂林市
秀山土家族苗族自治县,秀山土家族苗族自治县,重庆市
秀英区,秀英区,海口市
秀屿区,秀屿区,莆田市
岫岩满族自治县,岫岩满族自治县,鞍山市
盱眙县,盱眙县,淮安市
徐汇区,徐汇区,上海市
徐水县,徐水县,保定市
徐闻县,徐闻县,湛江市
许昌县,许昌县,许昌市
叙永县,叙永县,泸州市
溆浦县,溆浦县,怀化市
宣恩县,宣恩县,恩施土家族苗族自治州
宣汉县,宣汉县,达州市
宣化区,宣化区,张家口市
宣化县,宣化县,张家口市
宣威市,宣威市,曲靖市
宣武区,宣武区,北京市
宣州区,宣州区,宣城市
玄武区,玄武区,南京市
薛城区,薛城区,枣庄市
旬阳县,旬阳县,安康市
旬邑县,旬邑县,咸阳市
寻甸回族彝族自治县,寻甸回族彝族自治县,昆明市
寻乌县,寻乌县,赣州市
浔阳区,浔阳区,九江市
循化撒拉族自治县,循化撒拉族自治县,海东地区
逊克县,逊克县,黑河市
牙克石市,牙克石市,呼伦贝尔市
雅江县,雅江县,甘孜藏族自治州
亚东县,亚东县,日喀则地区
焉耆回族自治县,焉耆回族自治县,巴音郭楞蒙古自治州
鄢陵县,鄢陵县,许昌市
延川县,延川县,延安市
延吉市,延吉市,延边朝鲜族自治州
延津县,延津县,新乡市
延平区,延平区,南平市
延庆县,延庆县,北京市
延寿县,延寿县,哈尔滨市
延长县,延长县,延安市
炎陵县,炎陵县,株洲市
沿河土家族自治县,沿河土家族自治县,铜仁地区
沿滩区,沿滩区,自贡市
盐边县,盐边县,攀枝花市
盐池县,盐池县,吴忠市
盐都区,盐都区,盐城市
盐湖区,盐湖区,运城市
盐津县,盐津县,昭通市
盐山县,盐山县,沧州市
盐田区,盐田区,深圳市
盐亭县,盐亭县,绵阳市
盐源县,盐源县,凉山彝族自治州
阎良区,阎良区,西安市
兖州市,兖州市,济宁市
郾城区,郾城区,漯河市
偃师市,偃师市,洛阳市
砚山县,砚山县,文山壮族苗族自治州
雁峰区,雁峰区,衡阳市
雁江区,雁江区,资阳市
雁山区,雁山区,桂林市
雁塔区,雁塔区,西安市
扬中市,扬中市,镇江市
阳城县,阳城县,晋城市
阳春市,阳春市,阳江市
阳东县,阳东县,阳江市
阳高县,阳高县,大同市
阳谷县,阳谷县,聊城市
阳明区,阳明区,牡丹江市
阳曲县,阳曲县,太原市
阳山县,阳山县,清远市
阳朔县,阳朔县,桂林市
阳西县,阳西县,阳江市
阳新县,阳新县,黄石市
阳信县,阳信县,滨州市
阳原县,阳原县,张家口市
杨陵区,杨陵区,咸阳市
杨浦区,杨浦区,上海市
洋县,洋县,汉中市
漾濞彝族自治县,漾濞彝族自治县,大理白族自治州
尧都区,尧都区,临汾市
姚安县,姚安县,楚雄彝族自治州
瑶海区,瑶海区,合肥市
耀州区,耀州区,铜川市
叶城县,叶城县,喀什地区
叶县,叶县,平顶山市
伊川县,伊川县,洛阳市
伊春区,伊春区,伊春市
伊金霍洛旗,伊金霍洛旗,鄂尔多斯市
伊宁市,伊宁市,伊犁哈萨克自治州
伊宁县,伊宁县,伊犁哈萨克自治州
伊通满族自治县,伊通满族自治县,四平市
伊吾县,伊吾县,哈密地区
依安县,依安县,齐齐哈尔市
依兰县,依兰县,哈尔滨市
黟县,黟县,黄山市
仪陇县,仪陇县,南充市
仪征市,仪征市,扬州市
夷陵区,夷陵区,宜昌市
沂南县,沂南县,临沂市
沂水县,沂水县,临沂市
沂源县,沂源县,淄博市
宜宾县,宜宾县,宜宾市
宜城市,宜城市,襄樊市
宜川县,宜川县,延安市
宜都市,宜都市,宜昌市
宜丰县,宜丰县,宜春市
宜黄县,宜黄县,抚州市
宜君县,宜君县,铜川市
宜良县,宜良县,昆明市
宜兴市,宜兴市,无锡市
宜秀区,宜秀区,安庆市
宜阳县,宜阳县,洛阳市
宜章县,宜章县,郴州市
宜州市,宜州市,河池市
彝良县,彝良县,昭通市
弋江区,弋江区,芜湖市
弋阳县,弋阳县,上饶市
义马市,义马市,三门峡市
义乌市,义乌市,金华市
义县,义县,锦州市
易门县,易门县,玉溪市
易县,易县,保定市
峄城区,峄城区,枣庄市
驿城区,驿城区,驻马店市
翼城县,翼城县,临汾市
殷都区,殷都区,安阳市
银海区,银海区,北海市
银州区,银州区,铁岭市
鄞州区,鄞州区,宁波市
印江土家族苗族自治县,印江土家族苗族自治县,铜仁地区
印台区,印台区,铜川市
英德市,英德市,清远市
英吉沙县,英吉沙县,喀什地区
英山县,英山县,黄冈市
鹰手营子矿区,鹰手营子矿区,承德市
迎江区,迎江区,安庆市
迎泽区,迎泽区,太原市
荥经县,荥经县,雅安市
荥阳市,荥阳市,郑州市
盈江县,盈江县,德宏傣族景颇族自治州
营山县,营山县,南充市
颍东区,颍东区,阜阳市
颍泉区,颍泉区,阜阳市
颍上县,颍上县,阜阳市
颍州区,颍州区,阜阳市
应城市,应城市,孝感市
应县,应县,朔州市
邕宁区,邕宁区,南宁市
永安市,永安市,三明市
永昌县,永昌县,金昌市
永城市,永城市,商丘市
永川区,永川区,重庆市
永春县,永春县,泉州市
永德县,永德县,临沧市
永登县,永登县,兰州市
永定区,永定区,张家界市
永定县,永定县,龙岩市
永丰县,永丰县,吉安市
永福县,永福县,桂林市
永和县,永和县,临汾市
永吉县,永吉县,吉林市
永济市,永济市,运城市
永嘉县,永嘉县,温州市
永靖县,永靖县,临夏回族自治州
永康市,永康市,金华市
永年县,永年县,邯郸市
永宁县,永宁县,银川市
永平县,永平县,大理白族自治州
永清县,永清县,廊坊市
永仁县,永仁县,楚雄彝族自治州
永善县,永善县,昭通市
永胜县,永胜县,丽江市
永寿县,永寿县,咸阳市
永顺县,永顺县,湘西土家族苗族自治州
永泰县,永泰县,福州市
永新县,永新县,吉安市
永兴县,永兴县,郴州市
永修县,永修县,九江市
埇桥区,埇桥区,宿州市
攸县,攸县,株洲市
尤溪县,尤溪县,三明市
游仙区,游仙区,绵阳市
友好区,友好区,伊春市
友谊县,友谊县,双鸭山市
酉阳土家族苗族自治县,酉阳土家族苗族自治县,重庆市
右江区,右江区,百色市
右玉县,右玉县,朔州市
于都县,于都县,赣州市
于洪区,于洪区,沈阳市
于田县,于田县,和田地区
余干县,余干县,上饶市
余杭区,余杭区,杭州市
余江县,余江县,鹰潭市
余庆县,余庆县,遵义市
余姚市,余姚市,宁波市
盂县,盂县,阳泉市
鱼峰区,鱼峰区,柳州市
鱼台县,鱼台县,济宁市
渝北区,渝北区,重庆市
渝水区,渝水区,新余市
渝中区,渝中区,重庆市
榆次区,榆次区,晋中市
榆社县,榆社县,晋中市
榆树市,榆树市,长春市
榆阳区,榆阳区,榆林市
榆中县,榆中县,兰州市
虞城县,虞城县,商丘市
雨城区,雨城区,雅安市
雨湖区,雨湖区,湘潭市
雨花区,雨花区,长沙市
雨花台区,雨花台区,南京市
雨山区,雨山区,马鞍山市
禹城市,禹城市,德州市
禹会区,禹会区,蚌埠市
禹王台区,禹王台区,开封市
禹州市,禹州市,许昌市
玉环县,玉环县,台州市
玉龙纳西族自治县,玉龙纳西族自治县,丽江市
玉门市,玉门市,酒泉市
玉屏侗族自治县,玉屏侗族自治县,铜仁地区
玉泉区,玉泉区,呼和浩特市
玉山县,玉山县,上饶市
玉树县,玉树县,玉树藏族自治州
玉田县,玉田县,唐山市
玉州区,玉州区,玉林市
郁南县,郁南县,云浮市
裕安区,裕安区,六安市
裕华区,裕华区,石家庄市
裕民县,裕民县,塔城地区
元坝区,元坝区,广元市
元宝区,元宝区,丹东市
元宝山区,元宝山区,赤峰市
元江哈尼族彝族傣族自治县,元江哈尼族彝族傣族自治县,玉溪市
元谋县,元谋县,楚雄彝族自治州
元氏县,元氏县,石家庄市
元阳县,元阳县,红河哈尼族彝族自治州
沅江市,沅江市,益阳市
沅陵县,沅陵县,怀化市
垣曲县,垣曲县,运城市
袁州区,袁州区,宜春市
原平市,原平市,忻州市
原阳县,原阳县,新乡市
原州区,原州区,固原市
源城区,源城区,河源市
源汇区,源汇区,漯河市
远安县,远安县,宜昌市
月湖区,月湖区,鹰潭市
岳池县,岳池县,广安市
岳麓区,岳麓区,长沙市
岳普湖县,岳普湖县,喀什地区
岳塘区,岳塘区,湘潭市
岳西县,岳西县,安庆市
岳阳楼区,岳阳楼区,岳阳市
岳阳县,岳阳县,岳阳市
越城区,越城区,绍兴市
越西县,越西县,凉山彝族自治州
越秀区,越秀区,广州市
云安县,云安县,云浮市
云城区,云城区,云浮市
云和县,云和县,丽水市
云龙区,云龙区,徐州市
云龙县,云龙县,大理白族自治州
云梦县,云梦县,孝感市
云溪区,云溪区,岳阳市
云县,云县,临沧市
云霄县,云霄县,漳州市
云岩区,云岩区,贵阳市
云阳县,云阳县,重庆市
郧西县,郧西县,十堰市
郧县,郧县,十堰市
运河区,运河区,沧州市
郓城县,郓城县,菏泽市
杂多县,杂多县,玉树藏族自治州
赞皇县,赞皇县,石家庄市
枣强县,枣强县,衡水市
枣阳市,枣阳市,襄樊市
泽库县,泽库县,黄南藏族自治州
泽普县,泽普县,喀什地区
泽州县,泽州县,晋城市
增城市,增城市,广州市
扎赉特旗,扎赉特旗,兴安盟
扎兰屯市,扎兰屯市,呼伦贝尔市
扎鲁特旗,扎鲁特旗,通辽市
扎囊县,扎囊县,山南地区
札达县,札达县,阿里地区
闸北区,闸北区,上海市
柞水县,柞水县,商洛市
沾化县,沾化县,滨州市
沾益县,沾益县,曲靖市
站前区,站前区,营口市
湛河区,湛河区,平顶山市
张北县,张北县,张家口市
张店区,张店区,淄博市
张家川回族自治县,张家川回族自治县,天水市
张家港市,张家港市,苏州市
张湾区,张湾区,十堰市
章贡区,章贡区,赣州市
章丘市,章丘市,济南市
彰武县,彰武县,阜新市
漳平市,漳平市,龙岩市
漳浦县,漳浦县,漳州市
漳县,漳县,定西市
樟树市,樟树市,宜春市
长安区,长安区,西安市
长安区,长安区,石家庄市
长白朝鲜族自治县,长白朝鲜族自治县,白山市
长岛县,长岛县,烟台市
长丰县,长丰县,合肥市
长葛市,长葛市,许昌市
长海县,长海县,大连市
长乐市,长乐市,福州市
长岭县,长岭县,松原市
长宁区,长宁区,上海市
长宁县,长宁县,宜宾市
长清区,长清区,济南市
长沙县,长沙县,长沙市
长寿区,长寿区,重庆市
长顺县,长顺县,黔南布依族苗族自治州
长泰县,长泰县,漳州市
长汀县,长汀县,龙岩市
长武县,长武县,咸阳市
长兴县,长兴县,湖州市
长阳土家族自治县,长阳土家族自治县,宜昌市
长垣县,长垣县,新乡市
长治县,长治县,长治市
长洲区,长洲区,梧州市
长子县,长子县,长治市
招远市,招远市,烟台市
昭觉县,昭觉县,凉山彝族自治州
昭平县,昭平县,贺州市
昭苏县,昭苏县,伊犁哈萨克自治州
昭阳区,昭阳区,昭通市
召陵区,召陵区,漯河市
诏安县,诏安县,漳州市
赵县,赵县,石家庄市
肇东市,肇东市,绥化市
肇源县,肇源县,大庆市
肇州县,肇州县,大庆市
柘城县,柘城县,商丘市
柘荣县,柘荣县,宁德市
贞丰县,贞丰县,黔西南布依族苗族自治州
浈江区,浈江区,韶关市
振安区,振安区,丹东市
振兴区,振兴区,丹东市
镇安县,镇安县,商洛市
镇巴县,镇巴县,汉中市
镇海区,镇海区,宁波市
镇康县,镇康县,临沧市
镇赉县,镇赉县,白城市
镇宁布依族苗族自治县,镇宁布依族苗族自治县,安顺市
镇平县,镇平县,南阳市
镇坪县,镇坪县,安康市
镇雄县,镇雄县,昭通市
镇沅彝族哈尼族拉祜族自治县,镇沅彝族哈尼族拉祜族自治县,普洱市
镇原县,镇原县,庆阳市
镇远县,镇远县,黔东南苗族侗族自治州
蒸湘区,蒸湘区,衡阳市
正安县,正安县,遵义市
正定县,正定县,石家庄市
正蓝旗,正蓝旗,锡林郭勒盟
正宁县,正宁县,庆阳市
正镶白旗,正镶白旗,锡林郭勒盟
正阳县,正阳县,驻马店市
政和县,政和县,南平市
芝罘区,芝罘区,烟台市
枝江市,枝江市,宜昌市
织金县,织金县,毕节地区
芷江侗族自治县,芷江侗族自治县,怀化市
志丹县,志丹县,延安市
治多县,治多县,玉树藏族自治州
中方县,中方县,怀化市
中江县,中江县,德阳市
中牟县,中牟县,郑州市
中宁县,中宁县,中卫市
中山区,中山区,大连市
中阳县,中阳县,吕梁市
中原区,中原区,郑州市
中站区,中站区,焦作市
忠县,忠县,重庆市
钟楼区,钟楼区,常州市
钟山区,钟山区,六盘水市
钟山县,钟山县,贺州市
钟祥市,钟祥市,荆门市
仲巴县,仲巴县,日喀则地区
舟曲县,舟曲县,甘南藏族自治州
周村区,周村区,淄博市
周宁县,周宁县,宁德市
周至县,周至县,西安市
珠晖区,珠晖区,衡阳市
珠山区,珠山区,景德镇市
株洲县,株洲县,株洲市
诸城市,诸城市,潍坊市
诸暨市,诸暨市,绍兴市
竹山县,竹山县,十堰市
竹溪县,竹溪县,十堰市
庄河市,庄河市,大连市
庄浪县,庄浪县,平凉市
准格尔旗,准格尔旗,鄂尔多斯市
涿鹿县,涿鹿县,张家口市
涿州市,涿州市,保定市
卓尼县,卓尼县,甘南藏族自治州
卓资县,卓资县,乌兰察布市
资溪县,资溪县,抚州市
资兴市,资兴市,郴州市
资阳区,资阳区,益阳市
资源县,资源县,桂林市
资中县,资中县,内江市
淄川区,淄川区,淄博市
子长县,子长县,延安市
子洲县,子洲县,榆林市
秭归县,秭归县,宜昌市
梓潼县,梓潼县,绵阳市
紫金县,紫金县,河源市
紫阳县,紫阳县,安康市
紫云苗族布依族自治县,紫云苗族布依族自治县,安顺市
自流井区,自流井区,自贡市
邹城市,邹城市,济宁市
邹平县,邹平县,滨州市
遵化市,遵化市,唐山市
遵义县,遵义县,遵义市
左贡县,左贡县,昌都地区
左权县,左权县,晋中市
左云县,左云县,大同市
2,2,嘉峪关市
