<openerp>
    <data>




        <record model="ir.ui.view" id="view_company_form_city">
            <field name="name">res.company.form</field>
            <field name="model">res.company</field>
            <field name="inherit_id" ref="base.view_company_form"/>
            <field name="arch" type="xml">
                <data>

                    <xpath expr="//field[@name='website']" position="after">
                        <!--<field name="organization_code"-->
                               <!--attrs="{'invisible': [('is_company','=',False), ('child_ids', '=', [])]}"/>-->
                        <!--<field name="tax_registration"-->
                               <!--attrs="{'invisible': [('is_company','=',False), ('child_ids', '=', [])]}"/>-->
                    </xpath>

                    <xpath expr="//field[@name='city']" position="replace">
                        <field name="village" class="oe_no_button" placeholder="村" style="width: 17%%"
                               options='{"no_open": True,"no_create": True}' on_change="onchange_village(village)"
                               />
                        <field name="town" class="oe_no_button" placeholder="乡镇" style="width: 17%%"
                               options='{"no_open": True,"no_create": True}' on_change="onchange_town(town)"
                              />
                        <field name="county" class="oe_no_button" placeholder="区县" style="width: 17%%"
                               options='{"no_open": True,"no_create": True}' on_change="onchange_county(county)"
                               />
                        <field name="city_id" class="oe_no_button" placeholder="城市" style="width: 20%%"
                               options='{"no_open": True,"no_create": True}' on_change="onchange_city_id(city_id)"
                               />
                    </xpath>
                    <!--<xpath expr="//field[@name='name']" position="after">-->
                        <!--<field name="identification" attrs="{'invisible': [('is_company','=',True)]}"/>-->
                        <!--<field name="identification_code" attrs="{'invisible': [('is_company','=',True)]}"/>-->
                    <!--</xpath>-->
                </data>
            </field>
        </record>



        <record model="ir.ui.view" id="view_partner_form_city">
            <field name="name">res.partner.form</field>
            <field name="model">res.partner</field>
            <field name="inherit_id" ref="base.view_partner_form"/>
            <field name="arch" type="xml">
                <data>

                    <xpath expr="//field[@name='website']" position="after">
                        <!--<field name="organization_code"-->
                               <!--attrs="{'invisible': [('is_company','=',False), ('child_ids', '=', [])]}"/>-->

                    </xpath>

                    <xpath expr="//field[@name='city']" position="replace">
                        <field name="village" class="oe_no_button" placeholder="村" style="width: 17%%"
                               options='{"no_open": True,"no_create": True}' on_change="onchange_village(village)"
                               />
                        <field name="town" class="oe_no_button" placeholder="乡镇" style="width: 17%%"
                               options='{"no_open": True,"no_create": True}' on_change="onchange_town(town)"
                              />
                        <field name="county" class="oe_no_button" placeholder="区县" style="width: 17%%"
                               options='{"no_open": True,"no_create": True}' on_change="onchange_county(county)"
                               />
                        <field name="city_id" class="oe_no_button" placeholder="城市" style="width: 20%%"
                               options='{"no_open": True,"no_create": True}' on_change="onchange_city_id(city_id)"
                               />
                    </xpath>
                    <xpath expr="//field[@name='title']" position="after">
                        <field name="identification" attrs="{'invisible': [('is_company','=',True)]}"/>
                        <field name="identification_code" attrs="{'invisible': [('is_company','=',True)]}"/>
                    </xpath>
                </data>
            </field>
        </record>


        <record model="ir.ui.view" id="crm_case_form_view_leads_city">
            <field name="name">CRM - Leads Form</field>
            <field name="model">crm.lead</field>
            <field name="inherit_id" ref="crm.crm_case_form_view_leads"/>
            <field name="arch" type="xml">
                <data>
                    <xpath expr="//field[@name='city']" position="replace">
                        <field name="county" class="oe_no_button" placeholder="County" style="width: 17%%"
                               options='{"no_open": True,"no_create": True}' on_change="onchange_county(county)"
                               attrs="{'readonly': [('use_parent_address','=',True)]}"/>
                        <field name="city" class="oe_no_button" placeholder="City" style="width: 20%%"
                               options='{"no_open": True,"no_create": True}' on_change="onchange_city(city)"
                                />
                    </xpath>
                </data>
            </field>
        </record>

        <!--
         City
       -->

        <record id="view_country_city_tree" model="ir.ui.view">
            <field name="name">res.country.city.tree</field>
            <field name="model">res.country.city</field>
            <field name="arch" type="xml">
                <tree string="State">
                    <field name="name"/>
                    <field name="state_id"/>
                </tree>
            </field>
        </record>

        <record id="view_country_city_form" model="ir.ui.view">
            <field name="name">res.country.city.form</field>
            <field name="model">res.country.city</field>
            <field name="arch" type="xml">
                <form string="State">
                    <group>
                        <field name="name"/>
                        <field name="state_id" options='{"no_open": True}'/>
                    </group>
                </form>
            </field>
        </record>

        <record id="action_country_city" model="ir.actions.act_window">
            <field name="name">City</field>
            <field name="type">ir.actions.act_window</field>
            <field name="res_model">res.country.city</field>
            <field name="view_type">form</field>
            <field name="view_id" ref="view_country_city_tree"/>
            <field name="help"></field>
        </record>

        <menuitem action="action_country_city" id="menu_country_city" parent="sales_team.menu_localisation"
                  sequence="2" groups="base.group_no_one"/>

 <!--
         county
       -->

        <record id="view_country_county_tree" model="ir.ui.view">
            <field name="name">res.country.county.tree</field>
            <field name="model">res.country.county</field>
            <field name="arch" type="xml">
                <tree string="State">
                    <field name="name"/>
                    <field name="city_id"/>
                </tree>
            </field>
        </record>

        <record id="view_country_county_form" model="ir.ui.view">
            <field name="name">res.country.county.form</field>
            <field name="model">res.country.county</field>
            <field name="arch" type="xml">
                <form string="State">
                    <group>
                        <field name="name"/>
                        <field name="city_id" options='{"no_open": True}'/>
                    </group>
                </form>
            </field>
        </record>



        <!--town-->
        <record id="view_country_county_town_tree" model="ir.ui.view">
            <field name="name">res.country.county.town.tree</field>
            <field name="model">res.country.county.town</field>
            <field name="arch" type="xml">
                <tree string="Town">
                    <field name="name"/>
                    <field name="county_id"/>
                    <field name="sort"/>
                </tree>
            </field>
        </record>

        <record id="view_country_county_town_form" model="ir.ui.view">
            <field name="name">res.country.county.town.form</field>
            <field name="model">res.country.county.town</field>
            <field name="arch" type="xml">
                <form string="Town">
                    <group>
                        <field name="name"/>
                        <field name="translate"/>
                        <field name="sort"/>
                        <field name="county_id" options='{"no_open": True}'/>
                        <field name="image" widget="image" class="oe_avatar"/>
                    </group>
                </form>
            </field>
        </record>


        <!--cun-->
        <record id="view_country_county_town_village_tree" model="ir.ui.view">
            <field name="name">res.country.county.town.village.tree</field>
            <field name="model">res.country.county.town.village</field>
            <field name="arch" type="xml">
                <tree string="vileadge">
                    <field name="name"/>
                    <field name="town_id"/>

                </tree>
            </field>
        </record>

        <record id="view_country_county_town_village_form" model="ir.ui.view">
            <field name="name">res.country.county.town.village.form</field>
            <field name="model">res.country.county.town.village</field>
            <field name="arch" type="xml">
                <form string="vil">
                    <group>
                        <field name="name"/>
                        <field name="translate"/>

                        <field name="town_id" options='{"no_open": True}'/>
                        <field name="image" widget="image" class="oe_avatar"/>
                    </group>
                </form>
            </field>
        </record>


        <record id="action_country_county" model="ir.actions.act_window">
            <field name="name">County</field>
            <field name="type">ir.actions.act_window</field>
            <field name="res_model">res.country.county</field>
            <field name="view_type">form</field>
            <field name="view_id" ref="view_country_county_tree"/>
            <field name="help"></field>
        </record>


        <record id="action_country_county_town" model="ir.actions.act_window">
            <field name="name">Town</field>
            <field name="type">ir.actions.act_window</field>
            <field name="res_model">res.country.county.town</field>
            <field name="view_type">form</field>
            <field name="view_id" ref="view_country_county_town_tree"/>
            <field name="help"></field>
        </record>


        <record id="action_country_county_town_village" model="ir.actions.act_window">
            <field name="name">Village</field>
            <field name="type">ir.actions.act_window</field>
            <field name="res_model">res.country.county.town.village</field>
            <field name="view_type">form</field>
            <field name="view_id" ref="view_country_county_town_village_tree"/>
            <field name="help"></field>
        </record>


        <menuitem action="action_country_county" id="menu_country_county" parent="sales_team.menu_localisation"
                  sequence="3" groups="base.group_no_one"/>

        <menuitem action="action_country_county_town" id="menu_country_county_town" parent="sales_team.menu_localisation"
                  sequence="4" groups="base.group_no_one"/>


        <menuitem action="action_country_county_town_village" id="menu_country_county_town_village" parent="sales_team.menu_localisation"
                  sequence="5" groups="base.group_no_one"/>

    </data>
</openerp>