<?xml version="1.0"?>
<openerp>
    <data>

        <!-- Replace analytic_id with analytics_id in account.invoice.line -->

        <record model="ir.ui.view" id="view_invoice_line_form_inherit">
            <field name="name">account.invoice.line.form.inherit</field>
            <field name="model">account.invoice.line</field>
            <field name="inherit_id" ref="account.view_invoice_line_form"/>
            <field name="arch" type="xml">
                <field name="account_analytic_id" position="replace">
                    <field name="analytics_id" context="{'journal_id':parent.journal_id}"
                     domain="[('plan_id','&lt;&gt;',False)]" groups="analytic.group_analytic_accounting"/>
                 </field>
             </field>
         </record>

         <record model="ir.ui.view" id="view_invoice_form_analytic_inherit">
            <field name="name">account.invoice.form.analytic.inherit</field>
            <field name="model">account.invoice</field>
            <field name="inherit_id" ref="account.invoice_form"/>
            <field name="arch" type="xml">
                <field name="account_analytic_id" position="replace">
                    <field name="analytics_id" context="{'journal_id':parent.journal_id}"
                     domain="[('plan_id','&lt;&gt;',False)]" groups="analytic.group_analytic_accounting"/>
                 </field>
             </field>
         </record>

         <!-- Replace analytic_id with analytics_id in account.invoice.line -->


         <record model="ir.ui.view" id="invoice_supplier_form_inherit">
            <field name="name">account.invoice.supplier.form.inherit</field>
            <field name="model">account.invoice</field>
            <field name="inherit_id" ref="account.invoice_supplier_form"/>
            <field name="priority">2</field>
            <field name="arch" type="xml">
                <field name="account_analytic_id" position="replace">
                    <field name="analytics_id" context="{'journal_id':parent.journal_id}"
                     domain="[('plan_id','&lt;&gt;',False)]" groups="analytic.group_analytic_accounting"/>
                 </field>
             </field>
         </record>


         <act_window name="Distribution Models"
            domain="[('plan_id','&lt;&gt;',False)]"
            context="{'search_default_plan_id': active_id, 'default_plan_id': active_id,'plan_id': active_id}"
            res_model="account.analytic.plan.instance"
            src_model="account.analytic.plan"
            id="account_analytic_instance_model_open"/>


    </data>
</openerp>
