<?xml version="1.0" encoding="utf-8"?>
<!DOCTYPE html>

<odoo>
    <data noupdate="0">

        <record model="ir.module.category" id="module_category_school">
            <field name="name">Library Management</field>
            <field name="sequence">29</field>
        </record>

        <record id="group_librarian" model="res.groups">
            <field name="name">Librarian</field>
            <field name="category_id" ref="module_category_school"/>
            <field name="users" eval="[(4, ref('base.user_root'))]"/>
        </record>

        <record id="group_userian" model="res.groups">
            <field name="name">Userian</field>
            <field name="category_id" ref="module_category_school"/>
        </record>

        <!-- Record Rule For Personal library card -->

        <record id="student_library_card_record" model="ir.rule">
            <field name="name">Personal library card Record</field>
            <field ref="library.model_library_card" name="model_id" />
            <field eval="1" name="global" />
            <field name="domain_force">[('student_id.user_id','=',user.id)]</field>
            <field name="groups" eval="[(4, ref('school.group_school_student'))]"/>
        </record>
        
        <!-- Record Rule For Personal Book Issues -->

        <record id="student_book_issue_record" model="ir.rule">
            <field name="name">Personal Book Issues Record</field>
            <field ref="library.model_library_book_issue" name="model_id"/>
            <field eval="1" name="global" />
            <field name="domain_force">[('card_id.student_id.user_id','=',user.id)]</field>
            <field name="groups" eval="[(4, ref('school.group_school_student'))]"/>
        </record>

        <!-- Record Rule For Personal Book Request -->

        <record id="student_book_request_record" model="ir.rule">
            <field name="name">Personal Book Request Record</field>
            <field ref="library.model_library_book_request" name="model_id"/>
            <field eval="1" name="global" />
            <field name="domain_force">[('card_id.student_id.user_id','=',user.id)]</field>
            <field name="groups" eval="[(4, ref('school.group_school_student'))]"/>
        </record>

        <!-- Record Rule For Personal library card for Teacher-->

        <record id="teacher_library_card_record" model="ir.rule">
            <field name="name">Personal library card Record for Teacher</field>
            <field ref="library.model_library_card" name="model_id" />
            <field eval="1" name="global" />
            <field name="domain_force">[('teacher_id.user_id','=',user.id)]</field>
            <field name="groups" eval="[(4, ref('school.group_school_teacher'))]"/>
        </record>
        
         <!-- Record Rule For Personal Book Request for Teacher -->

        <record id="teacher_book_request_record" model="ir.rule">
            <field name="name">Personal Book Request Record</field>
            <field ref="library.model_library_book_request" name="model_id"/>
            <field eval="1" name="global" />
            <field name="domain_force">[('card_id.teacher_id.user_id','=',user.id)]</field>
            <field name="groups" eval="[(4, ref('school.group_school_teacher'))]"/>
        </record>
        
        <!-- Record Rule For Personal Book Issues for Teacher -->

        <record id="teacher_book_issue_record" model="ir.rule">
            <field name="name">Personal Book Issues Record for Teacher</field>
            <field ref="library.model_library_book_issue" name="model_id"/>
            <field eval="1" name="global" />
            <field name="domain_force">[('card_id.teacher_id.user_id','=',user.id)]</field>
            <field name="groups" eval="[(4, ref('school.group_school_teacher'))]"/>
        </record>
    </data>
</odoo>
