<?xml version="1.0" encoding="utf-8"?>
<openerp>
    <data noupdate="1">
        
        <!-- Resource: asset.asset -->
        <record id="asset.asset_asset_1" model="asset.asset">
            <field name="finance_state_id" ref="asset.asset_state_purchased"/>
        </record>

        <record id="asset.asset_asset_2" model="asset.asset">
            <field name="finance_state_id" ref="asset.asset_state_rented"/>
        </record>

        <record id="asset.asset_asset_3" model="asset.asset">
            <field name="finance_state_id" ref="asset.asset_state_leased"/>
        </record>

    </data>
</openerp>
