<?xml version="1.0" encoding="utf-8"?>
<openerp>
	<data>

        <!-- Asset menu -->
        <menuitem name="Assets"
            id="menu_maintenance_assets"
            parent="stock.menu_stock_root"
            groups="stock.group_stock_user"
            sequence="9"/>

        <!-- Asset Form View  -->
        <record id="assets_form_view_stock" model="ir.ui.view">
            <field name="name">asset.asset.form.stock</field>
            <field name="model">asset.asset</field>
            <field name="arch" type="xml">
                <form string="Assets" version="7.0">
                    <header>
                        <field name="warehouse_state_id" widget="statusbar" clickable="True"/>
                    </header>
                    <sheet>
                        <field name="image_medium" widget="image" class="oe_avatar oe_left"/>
                        <div class="oe_title">
                            <label for="name" class="oe_edit_only"/>
                            <h1>
                                <field name="name"/>
                            </h1>
                        </div>
                        <group>
                            <field name="property_stock_asset" domain="[('usage','=','asset')]"/>
                        </group>
                        <group>
                            <group>
                                <field name="criticality"/>
                                <field name="user_id"/>
                            </group>
                            <group>
                                <field name="active"/>
                            </group>
                        </group>
                        <notebook>
                            <page string="Info">
                                <group>
                                    <group>
                                        <field name="asset_number"/>
                                        <field name="model"/>
                                        <field name="serial"/>
                                    </group>
                                    <group>
                                    </group>
                                </group>
                                <group string="Warranty">
                                    <group>
                                    <field name="manufacturer_id"/>
                                    <field name="start_date"/>
                                    <field name="warranty_start_date"/>
                                    </group>
                                    <group>
                                    <field name="vendor_id"/>
                                    <field name="purchase_date"/>
                                    <field name="warranty_end_date"/>
                                    </group>
                                </group>
                            </page>
                        </notebook>
                     </sheet>
                     <div class="oe_chatter">
                            <field name="message_follower_ids" widget="mail_followers"/>
                            <field name="message_ids" widget="mail_thread"/>
                    </div>
                </form>
            </field>
        </record>

        <!-- Asset Kanban View  -->
        <record model="ir.ui.view" id="assets_kanban_view_stock">
            <field name="name">asset.asset.kanban.stock</field>
            <field name="model">asset.asset</field>
            <field name="arch" type="xml">
                <kanban>
                    <field name="warehouse_state_id"/>
                    <field name="warehouse_state_color"/>
                    <field name="user_id"/>
                    <field name="criticality"/>
                    <templates>
                        <t t-name="kanban-box">
                            <div class="oe_kanban_vignette">
                                <div class="codup_kanban_left">
                                    <a type="open"><img t-att-src="kanban_image('asset.asset', 'image_small', record.id.value)" class="oe_kanban_image"/></a>
                                    <div t-attf-title="#{record.warehouse_state_id.value}" t-attf-class="codup_status_color_#{record.warehouse_state_color.raw_value} codup_status"></div>
                                </div>
                                <div class="oe_kanban_details">
                                    <h4>
                                        <a type="open"><field name="name"/></a>
                                    </h4>
                                    <ul>
                                        <li>Model: <field name="model"></field></li>
                                        <li>Manufacturer: <field name="manufacturer_id"></field></li>
                                        <li>Serial No: <field name="serial"></field></li>
                                        <li class="codup_kanban_info">
                                        <a t-if="record.criticality.raw_value == 0" t-attf-title="#{record.criticality.value}" class="codup_attention_off"><span class="fa fa-exclamation-triangle"/></a>
                                        <a t-if="record.criticality.raw_value gt 0" t-attf-title="#{record.criticality.value}" class="codup_attention_on"><span class="fa fa-exclamation-triangle"/></a>
                                        <a t-if="record.criticality.raw_value lte 1" t-attf-title="#{record.criticality.value}" class="codup_attention_off"><span class="fa fa-exclamation-triangle"/></a>
                                        <a t-if="record.criticality.raw_value gt 1" t-attf-title="#{record.criticality.value}" class="codup_attention_on"><span class="fa fa-exclamation-triangle"/></a>
                                        <a t-if="record.criticality.raw_value lte 2" t-attf-title="#{record.criticality.value}" class="codup_attention_off"><span class="fa fa-exclamation-triangle"/></a>
                                        <a t-if="record.criticality.raw_value gt 2" t-attf-title="#{record.criticality.value}" class="codup_attention_on"><span class="fa fa-exclamation-triangle"/></a>
                                        <img t-att-src="kanban_image('res.users', 'image_small', record.user_id.raw_value)" t-att-title="record.user_id.value" width="24" height="24" class="oe_kanban_avatar"/>
                                        </li>
                                    </ul>
                                </div>
                            </div>
                        </t>
                    </templates>
                </kanban>
            </field>
        </record>

        <record id="action_assets_stock" model="ir.actions.act_window">
            <field name="name">Assets</field>
            <field name="type">ir.actions.act_window</field>
            <field name="res_model">asset.asset</field>
            <field name="view_type">form</field>
            <field name="view_mode">kanban,tree,form</field>
            <field name="view_id" eval="False"/>
        </record>

        <record model="ir.actions.act_window.view" id="action_assets_kanban_view_stock">
            <field name="sequence" eval="0"/>
            <field name="view_mode">kanban</field>
            <field name="view_id" ref="assets_kanban_view_stock"/>
            <field name="act_window_id" ref="action_assets_stock"/>
        </record>

        <record model="ir.actions.act_window.view" id="action_assets_tree_view_stock">
            <field name="sequence" eval="1"/>
            <field name="view_mode">tree</field>
            <field name="view_id" ref="asset.assets_tree_view"/>
            <field name="act_window_id" ref="action_assets_stock"/>
        </record>

        <record model="ir.actions.act_window.view" id="action_assets_form_view_stock">
            <field name="sequence" eval="2"/>
            <field name="view_mode">form</field>
            <field name="view_id" ref="assets_form_view_stock"/>
            <field name="act_window_id" ref="action_assets_stock"/>
        </record>

        <!-- Asset item -->
        <menuitem name="Assets"
            action="action_assets_stock"
            id="menu_maintenance_assets_assets"
            parent="menu_maintenance_assets"
            groups="stock.group_stock_user"
            sequence="100"/>

        <!-- Management Asset Kanban View  -->
        <record model="ir.ui.view" id="management_assets_kanban_view_stock">
            <field name="name">Manage states Asset Kanban</field>
            <field name="model">asset.asset</field>
            <field name="arch" type="xml">
                <kanban default_group_by="warehouse_state_id" create="false" delete="false">
                    <field name="warehouse_state_id"/>
                    <field name="warehouse_state_color"/>
                    <field name="user_id"/>
                    <field name="criticality"/>
                    <templates>
                        <t t-name="kanban-box">
                            <div t-attf-class="oe_kanban_card codup_kanban_status oe_kanban_global_click">
                                <div class="codup_kanban_left">
                                    <a type="open"><img t-att-src="kanban_image('asset.asset', 'image_small', record.id.value)" class="oe_kanban_image"/></a>
                                    <div t-attf-title="#{record.warehouse_state_id.value}" t-attf-class="codup_status_color_#{record.warehouse_state_color.raw_value} codup_status"></div>
                                </div>
                                <div class="codup_kanban_details">
                                    <h4>
                                        <a type="open"><field name="name"/></a>
                                    </h4>
                                    <ul>
                                        <li title="Model"><field name="model"></field></li>
                                        <li title="Manufacturer"><field name="manufacturer_id"></field></li>
                                        <li class="codup_kanban_info">
                                        <a t-if="record.criticality.raw_value == 0" t-attf-title="#{record.criticality.value}" class="codup_attention_off"><span class="fa fa-exclamation-triangle"/></a>
                                        <a t-if="record.criticality.raw_value gt 0" t-attf-title="#{record.criticality.value}" class="codup_attention_on"><span class="fa fa-exclamation-triangle"/></a>
                                        <a t-if="record.criticality.raw_value lte 1" t-attf-title="#{record.criticality.value}" class="codup_attention_off"><span class="fa fa-exclamation-triangle"/></a>
                                        <a t-if="record.criticality.raw_value gt 1" t-attf-title="#{record.criticality.value}" class="codup_attention_on"><span class="fa fa-exclamation-triangle"/></a>
                                        <a t-if="record.criticality.raw_value lte 2" t-attf-title="#{record.criticality.value}" class="codup_attention_off"><span class="fa fa-exclamation-triangle"/></a>
                                        <a t-if="record.criticality.raw_value gt 2" t-attf-title="#{record.criticality.value}" class="codup_attention_on"><span class="fa fa-exclamation-triangle"/></a>
                                        <img t-att-src="kanban_image('res.users', 'image_small', record.user_id.raw_value)" t-att-title="record.user_id.value" width="24" height="24" class="oe_kanban_avatar"/>
                                        </li>
                                    </ul>
                                </div>
                            </div>
                        </t>
                    </templates>
                </kanban>
            </field>
        </record>

        <record id="action_management_assets_stock" model="ir.actions.act_window">
            <field name="name">Manage states</field>
            <field name="type">ir.actions.act_window</field>
            <field name="res_model">asset.asset</field>
            <field name="view_type">form</field>
            <field name="view_mode">kanban</field>
            <field name="view_id" eval="False"/>
        </record>

        <record model="ir.actions.act_window.view" id="action_management_assets_kanban_view_stock">
            <field name="sequence" eval="0"/>
            <field name="view_mode">kanban</field>
            <field name="view_id" ref="management_assets_kanban_view_stock"/>
            <field name="act_window_id" ref="action_management_assets_stock"/>
        </record>

        <!-- Management Asset item -->
        <menuitem name="Manage states"
            action="action_management_assets_stock"
            id="menu_maintenance_assets_management"
            parent="menu_maintenance_assets"
            groups="stock.group_stock_user"
            sequence="100"/>    

        <!-- Asset state item -->
        <menuitem name="Asset States"
            action="asset.action_asset_state"
            id="menu_asset_state"
            parent="stock.menu_stock_config_settings"
            groups="stock.group_stock_manager"
            sequence="100"/>
    
 	</data>
</openerp>
